general.architecture	qwen4exp
qwen4exp.block_count	48
qwen4exp.context_length	262144
qwen4exp.embedding_length	2560
qwen4exp.attention.head_count	24
qwen4exp.attention.head_count_kv	2
qwen4exp.rope.dimension_sections	array type=5 count=4 11 11 10 0
qwen4exp.rope.freq_base	10000000
qwen4exp.attention.layer_norm_rms_epsilon	9.99999997e-07
qwen4exp.expert_count	512
qwen4exp.expert_used_count	10
qwen4exp.attention.key_length	256
qwen4exp.attention.value_length	256
qwen4exp.expert_feed_forward_length	640
qwen4exp.expert_shared_feed_forward_length	640
qwen4exp.ssm.conv_kernel	4
qwen4exp.ssm.state_size	128
qwen4exp.ssm.group_count	16
qwen4exp.ssm.time_step_rank	48
qwen4exp.ssm.inner_size	6144
qwen4exp.full_attention_interval	4
qwen4exp.rope.dimension_count	64
qwen4exp.hyper_connection.count	4
qwen4exp.hyper_connection.low_rank	320
qwen4exp.attention.indexer.head_count	4
qwen4exp.attention.indexer.key_length	128
qwen4exp.attention.indexer.top_k	2048
qwen4exp.attention.compress_ratios	array type=5 count=48 0 0 0 4 0 0 0 4 0 0 0 4 0 0 0 4 0 0 0 4 0 0 0 4 0 0 0 4 0 0 0 4 0 0 0 4 0 0 0 4 0 0 0 4 0 0 0 4
qwen4exp.ple.layers	array type=5 count=1 1
qwen4exp.ple.ngram_size	3
qwen4exp.ple.heads_per_ngram	8
qwen4exp.ple.conv_kernel	4
qwen4exp.ple.eos_token_id	248044
qwen4exp.embedding_length_per_layer_input	160
qwen4exp.ple.layer_multipliers	array type=10 count=3 23703573157769 20109073645365 8052911324071
qwen4exp.ple.head_offsets	array type=10 count=16 0 20000003 40000026 60000059 80000106 100000165 120000228 140000297 160000374 180000455 200000548 220000655 240000802 260000955 280001114 300001275
qwen4exp.ple.head_vocab_sizes	array type=10 count=16 20000003 20000023 20000033 20000047 20000059 20000063 20000069 20000077 20000081 20000093 20000107 20000147 20000153 20000159 20000161 20000171
qwen4exp.ple.image_token_id	248056
