type	m	k	batch	experts	kind	warps	row_lanes	kernel_GBs	with_prep_GBs	stock_GBs	stock_error	cpu_error	stock_float_noise
17	640	2560	8	16	0	16	8	10.286	10.041	6.371	7.46190622e-05	1.05987847e-07	0
20	2560	640	1	16	0	16	8	31.580	31.467	69.070	7.58092409e-08	6.76799391e-08	1
18	640	2560	4	10	0	16	16	13.072	12.911	15.996	1.14303065e-05	1.10357151e-07	0
20	2560	640	4	10	0	16	8	16.716	16.463	24.677	1.05497429e-07	1.28369968e-07	1
13	12288	2560	4	1	0	16	8	51.533	50.688	37.555	2.31349205e-07	1.39797808e-07	1
13	2560	6144	4	1	0	16	16	50.365	48.675	49.644	9.62941605e-05	1.53662929e-07	0
14	512	2560	1	1	0	16	16	50.352	43.939	41.634	1.14427893e-07	5.73023673e-08	1
8	10240	2560	1	1	0	16	16	102.936	102.017	122.701	1.04145013e-07	8.24337992e-08	1
17	640	2560	4	1	0	16	8	11.966	10.428	11.170	6.69609581e-05	9.52001668e-08	0
8	2560	640	1	1	0	16	8	60.950	54.699	65.476	1.09073354e-07	9.63699836e-08	1
14	640	2560	1	1	0	16	16	46.892	42.299	45.414	1.62669537e-07	1.04854292e-07	1
14	10240	2560	4	1	0	16	16	49.665	48.951	59.223	9.38838872e-08	7.68336426e-08	1
8	2560	2560	2	1	0	16	16	82.817	78.661	102.839	1.28086325e-07	1.11060426e-07	1
14	2560	6144	4	1	0	16	16	48.719	47.194	65.122	0.0001297351	6.9572148e-08	0
13	640	2560	2	1	0	16	8	58.214	47.861	36.875	2.56151937e-07	1.54042839e-07	1
13	10240	2560	4	1	0	16	8	51.231	50.322	37.171	2.86449536e-07	1.22795463e-07	1
13	6144	2560	2	1	0	16	8	99.328	95.258	64.775	1.70526915e-07	1.25471679e-07	1
8	320	10240	1	1	0	16	16	77.377	71.405	84.313	1.22013781e-07	8.69025137e-08	1
18	640	2560	2	16	0	16	8	24.833	24.493	31.575	1.79764273e-05	9.84361643e-08	0
20	2560	640	2	16	0	16	8	28.402	28.043	48.804	8.49046639e-08	8.73515787e-08	1
17	640	2560	1	10	0	16	8	18.513	18.281	31.346	0.000101225848	1.05225926e-07	0
14	512	2560	4	1	0	16	16	37.834	31.493	34.187	8.85162238e-08	7.9779865e-08	1
14	6144	2560	2	1	0	16	16	63.300	61.852	81.325	1.19031706e-07	9.78386369e-08	1
8	10240	2560	4	1	0	16	16	72.586	71.601	106.402	1.02300273e-07	1.22112358e-07	1
8	2560	640	4	1	0	16	8	43.364	37.509	45.410	8.07535273e-08	7.75108476e-08	1
20	2560	640	8	1	0	16	8	11.653	10.174	16.413	1.32689923e-07	7.92674065e-08	1
8	10240	320	8	1	0	16	8	23.060	21.543	26.570	1.26164095e-07	5.60352673e-08	1
12	248320	2560	1	1	0	16	8	110.874	110.934	67.701	2.08267399e-07	1.12142507e-07	1
18	640	2560	1	10	0	16	16	18.072	17.946	41.826	3.25762057e-05	1.13422729e-07	0
13	12288	2560	2	1	0	16	8	103.991	101.866	64.560	1.89959256e-07	1.32768786e-07	1
13	2560	6144	2	1	0	16	16	101.835	97.626	79.435	0.000491663332	1.33191014e-07	0
14	640	2560	4	1	0	16	16	32.330	28.343	37.451	7.69294798e-08	6.67078921e-08	1
18	640	2560	1	1	0	16	16	18.358	16.851	22.843	1.81716886e-05	8.46949888e-08	0
17	640	2560	2	1	0	16	16	15.638	13.735	15.858	9.13669342e-05	6.84286684e-08	0
8	320	10240	4	1	0	16	16	51.596	46.743	71.218	2.81993286e-05	7.15055984e-08	0
17	640	2560	2	10	0	16	8	16.316	16.050	23.698	0.000149326319	1.22190101e-07	0
14	10240	2560	2	1	0	16	16	64.191	63.300	83.009	1.93850657e-07	8.65598818e-08	1
14	2560	6144	2	1	0	16	16	61.822	60.399	93.035	0.000742948757	7.62561814e-08	0
13	10240	2560	2	1	0	16	8	103.047	90.432	67.163	1.95345636e-07	1.0369944e-07	1
12	248320	2560	4	1	0	16	8	48.740	47.924	30.700	2.17761847e-07	1.16947411e-07	1
18	640	2560	8	16	0	16	8	11.997	11.784	8.893	2.55455195e-05	8.17217464e-08	0
17	640	2560	4	16	0	16	8	18.799	18.482	12.530	0.000113303373	1.13223779e-07	0
20	2560	640	8	16	0	16	8	15.620	15.303	17.552	1.02193502e-07	9.15637803e-08	1
14	512	2560	2	1	0	16	16	46.307	39.118	41.562	1.532856e-07	8.05306324e-08	1
18	640	2560	4	1	0	16	8	13.490	12.072	14.541	1.61443706e-05	1.06760206e-07	0
8	2560	2560	8	1	0	16	16	36.953	34.082	62.233	1.10416871e-07	8.06461759e-08	1
8	10240	2560	2	1	0	16	16	92.833	91.391	125.779	2.0531364e-07	1.04021191e-07	1
13	640	2560	8	1	0	16	8	11.618	10.157	15.673	3.10287424e-07	1.78974099e-07	1
8	2560	640	2	1	0	16	8	55.618	48.829	57.854	1.07692323e-07	6.04213178e-08	1
13	6144	2560	8	1	0	16	8	20.975	20.537	22.206	2.32983378e-07	1.32411804e-07	1
18	640	2560	4	16	0	16	16	19.836	19.584	16.276	1.58744472e-05	1.10357151e-07	0
20	2560	640	4	16	0	16	8	24.441	23.883	25.021	1.05497429e-07	1.07095127e-07	1
14	640	2560	2	1	0	16	16	41.916	37.230	46.948	1.49432359e-07	9.54461497e-08	1
14	6144	2560	8	1	0	16	8	27.677	26.480	38.550	1.28642256e-07	1.00630642e-07	1
20	2560	640	1	1	0	16	8	24.663	22.447	37.018	1.0584617e-07	1.05492788e-07	1
8	10240	320	1	1	0	16	16	64.160	60.599	68.096	9.50722711e-08	1.02333899e-07	1
8	320	10240	2	1	0	16	16	66.249	60.564	76.119	1.35083657e-07	6.51287369e-08	1
17	640	2560	8	10	0	16	8	6.489	6.382	6.158	6.74632431e-05	1.05987847e-07	0
20	2560	640	1	10	0	16	8	23.575	23.291	66.405	7.58092409e-08	6.76799391e-08	1
13	12288	2560	8	1	0	16	8	21.783	21.493	22.195	1.9920033e-07	9.78108829e-08	1
13	2560	6144	8	1	0	16	16	21.811	21.318	26.648	2.17104181e-07	1.2697079e-07	1
17	640	2560	8	1	0	16	8	6.184	5.449	6.139	6.03281023e-05	6.093325e-08	0
12	248320	2560	2	1	0	16	8	91.642	91.666	57.148	1.96419817e-07	1.41447655e-07	1
17	640	2560	1	16	0	16	8	28.353	28.004	31.661	0.000101225848	1.05225926e-07	0
18	640	2560	2	1	0	16	16	16.552	14.909	20.134	1.37228362e-05	5.42402712e-08	0
14	10240	2560	8	1	0	16	8	27.959	27.212	39.560	1.49271031e-07	7.73108443e-08	1
14	2560	6144	8	1	0	16	16	27.257	26.200	40.305	1.83611499e-07	1.11230078e-07	1
20	2560	640	4	1	0	16	8	18.922	16.492	20.250	1.4898538e-07	6.81119848e-08	1
13	10240	2560	8	1	0	16	8	21.780	21.502	21.918	2.55425493e-07	1.35595764e-07	1
8	10240	320	4	1	0	16	8	40.950	38.065	34.986	1.65470768e-07	7.60153657e-08	1
18	640	2560	1	16	0	16	16	26.758	26.575	43.511	3.25762057e-05	1.13422729e-07	0
18	640	2560	2	10	0	16	16	16.438	16.251	30.590	1.62538285e-05	6.15226027e-08	0
20	2560	640	2	10	0	16	8	20.953	20.801	47.383	9.6726654e-08	1.09380266e-07	1
14	512	2560	8	1	0	16	16	22.808	18.151	23.615	1.31956821e-07	6.63154688e-08	1
8	2560	2560	1	1	0	16	16	92.415	88.569	102.048	9.71912128e-08	6.29127628e-08	1
8	10240	2560	8	1	0	16	8	39.842	39.234	69.969	1.36478489e-07	1.16112381e-07	1
13	640	2560	1	1	0	16	8	58.297	50.781	44.105	2.42145219e-07	2.95643865e-07	1
8	2560	640	8	1	0	16	8	24.814	21.497	29.364	1.7152235e-07	5.96699547e-08	1
13	6144	2560	1	1	0	16	8	101.535	97.755	80.293	2.14073555e-07	3.30662258e-08	1
17	640	2560	2	16	0	16	8	25.446	25.129	24.370	0.000138791888	1.04705858e-07	0
14	640	2560	8	1	0	16	8	17.154	14.735	25.869	1.17281499e-07	7.87259546e-08	1
14	6144	2560	1	1	0	16	16	68.165	66.890	78.374	1.30243065e-07	7.62175196e-08	1
8	320	10240	8	1	0	16	16	24.936	22.551	50.438	1.75325127e-07	1.14563397e-07	1
13	12288	2560	1	1	0	16	8	106.308	105.043	83.657	3.22602395e-07	1.57039812e-07	1
13	2560	6144	1	1	0	16	16	104.398	101.001	98.718	1.93872749e-07	1.14642079e-07	1
8	2560	2560	4	1	0	16	16	66.399	62.438	92.820	1.63247382e-07	1.07157603e-07	1
13	640	2560	4	1	0	16	8	29.850	25.591	24.394	3.56254705e-07	1.07879454e-07	1
17	640	2560	1	1	0	16	8	17.633	15.944	17.501	6.24233512e-05	8.98804788e-08	0
20	2560	640	2	1	0	16	8	22.736	20.715	29.565	1.23795317e-07	8.73949174e-08	1
13	6144	2560	4	1	0	16	8	50.123	48.618	36.486	1.64496606e-07	7.64680199e-08	1
8	10240	320	2	1	0	16	16	56.299	52.091	49.951	9.89437556e-08	6.06142931e-08	1
12	248320	2560	8	1	0	16	8	23.669	23.732	17.845	2.56431372e-07	1.18806625e-07	1
18	640	2560	8	10	0	16	8	7.762	7.608	8.516	2.4510082e-05	8.17217464e-08	0
17	640	2560	4	10	0	16	16	11.938	11.702	12.295	9.5326574e-05	1.13223779e-07	0
20	2560	640	8	10	0	16	8	10.230	10.025	16.977	7.66451263e-08	1.04002267e-07	1
18	640	2560	8	1	0	16	8	7.661	6.796	8.604	1.52197329e-05	1.32977052e-07	0
14	10240	2560	1	1	0	16	16	69.059	68.571	81.099	1.31038534e-07	1.37833268e-07	1
14	6144	2560	4	1	0	16	16	48.506	47.268	58.588	1.09283861e-07	8.36171439e-08	1
14	2560	6144	1	1	0	16	16	66.494	65.314	91.300	1.34865812e-07	1.04080765e-07	1
13	10240	2560	1	1	0	16	8	105.412	103.305	60.350	2.78937227e-07	1.18993576e-07	1
