type	m	k	capacity	experts	warps	row_lanes	layer_us	stock_us
18	640	2560	2	2	8	16	130.195	149.637
17	640	2560	1	1	8	16	72.406	74.244
18	640	2560	1	3	8	16	164.689	152.692
18	640	2560	1	3	16	16	136.223	152.692
18	640	2560	2	1	8	16	85.624	92.956
18	640	2560	1	2	16	16	101.228	112.580
17	640	2560	2	3	8	16	190.051	201.382
17	640	2560	2	1	8	16	83.288	90.700
18	640	2560	2	3	8	16	193.540	207.120
18	640	2560	1	1	16	8	72.902	73.085
17	640	2560	1	3	16	16	123.555	153.399
17	640	2560	1	2	8	16	108.158	112.685
18	640	2560	2	3	16	16	158.740	207.120
18	640	2560	1	2	8	16	110.890	112.580
18	640	2560	2	1	16	8	84.524	92.956
17	640	2560	2	3	16	16	149.241	201.382
17	640	2560	1	2	16	16	91.989	112.685
18	640	2560	2	2	16	16	118.149	149.637
17	640	2560	2	2	16	16	109.377	146.161
17	640	2560	1	1	16	8	69.595	74.244
18	640	2560	1	1	8	16	75.185	73.085
17	640	2560	2	2	8	16	127.451	146.161
17	640	2560	1	3	8	16	159.648	153.399
17	640	2560	2	1	16	8	79.644	90.700
