shard	name	type	k	m	experts	ndim	offset
2	output.weight	12	2560	248320	1	2	0
2	output_hc_down.weight	8	10240	320	1	2	357580800
2	output_hc_norm.weight	0	10240	1	1	1	361062400
2	output_hc_up.weight	8	320	10240	1	2	361103360
2	per_layer_token_embd.weight	20	160	320001536	1	2	364584960
2	token_embd.weight	13	2560	248320	1	2	29164723200
2	blk.0.attn_gate.weight	13	2560	6144	1	2	29601766400
2	blk.0.attn_qkv.weight	13	2560	10240	1	2	29612579840
2	blk.0.ffn_down_exps.weight	20	640	2560	512	3	29630602240
2	blk.0.ffn_down_shexp.weight	8	640	2560	1	2	30102461440
2	blk.0.ffn_gate_exps.weight	17	2560	640	512	3	30104202240
2	blk.0.ffn_gate_inp.weight	0	2560	512	1	2	30346685440
2	blk.0.ffn_gate_inp_shexp.weight	0	2560	1	1	1	30351928320
2	blk.0.ffn_gate_shexp.weight	13	2560	640	1	2	30351938560
2	blk.0.ffn_up_exps.weight	17	2560	640	512	3	30353064960
2	blk.0.ffn_up_shexp.weight	13	2560	640	1	2	30595548160
2	blk.0.hc_attn_down.weight	8	10240	320	1	2	30596674560
2	blk.0.hc_attn_inject.weight	0	10240	4	1	2	30600156160
2	blk.0.hc_attn_norm.weight	0	10240	1	1	1	30600320000
2	blk.0.hc_attn_up.weight	8	320	10240	1	2	30600360960
2	blk.0.hc_ffn_down.weight	8	10240	320	1	2	30603842560
2	blk.0.hc_ffn_inject.weight	0	10240	4	1	2	30607324160
2	blk.0.hc_ffn_norm.weight	0	10240	1	1	1	30607488000
2	blk.0.hc_ffn_up.weight	8	320	10240	1	2	30607528960
2	blk.0.ssm_a	0	48	1	1	1	30611010560
2	blk.0.ssm_alpha.weight	0	2560	48	1	2	30611010752
2	blk.0.ssm_beta.weight	0	2560	48	1	2	30611502272
2	blk.0.ssm_conv1d.weight	0	4	10240	1	2	30611993792
2	blk.0.ssm_dt.bias	0	48	1	1	1	30612157632
2	blk.0.ssm_norm.weight	0	128	1	1	1	30612157824
2	blk.0.ssm_out.weight	14	6144	2560	1	2	30612158336
2	blk.1.attn_gate.weight	13	2560	6144	1	2	30625060736
2	blk.1.attn_qkv.weight	13	2560	10240	1	2	30635874176
2	blk.1.ffn_down_exps.weight	20	640	2560	512	3	30653896576
2	blk.1.ffn_down_shexp.weight	8	640	2560	1	2	31125755776
2	blk.1.ffn_gate_exps.weight	17	2560	640	512	3	31127496576
2	blk.1.ffn_gate_inp.weight	0	2560	512	1	2	31369979776
2	blk.1.ffn_gate_inp_shexp.weight	0	2560	1	1	1	31375222656
2	blk.1.ffn_gate_shexp.weight	13	2560	640	1	2	31375232896
2	blk.1.ffn_up_exps.weight	17	2560	640	512	3	31376359296
2	blk.1.ffn_up_shexp.weight	13	2560	640	1	2	31618842496
2	blk.1.hc_attn_down.weight	8	10240	320	1	2	31619968896
2	blk.1.hc_attn_inject.weight	0	10240	4	1	2	31623450496
2	blk.1.hc_attn_norm.weight	0	10240	1	1	1	31623614336
2	blk.1.hc_attn_up.weight	8	320	10240	1	2	31623655296
2	blk.1.hc_ffn_down.weight	8	10240	320	1	2	31627136896
2	blk.1.hc_ffn_inject.weight	0	10240	4	1	2	31630618496
2	blk.1.hc_ffn_norm.weight	0	10240	1	1	1	31630782336
2	blk.1.hc_ffn_up.weight	8	320	10240	1	2	31630823296
2	blk.1.ple_conv1d.weight	0	4	10240	1	2	31634304896
2	blk.1.ple_key.weight	8	2560	10240	1	2	31634468736
2	blk.1.ple_norm_conv.weight	0	10240	1	1	1	31662321536
2	blk.1.ple_norm_key.weight	0	10240	1	1	1	31662362496
2	blk.1.ple_norm_query.weight	0	10240	1	1	1	31662403456
2	blk.1.ple_value.weight	8	2560	2560	1	2	31662444416
2	blk.1.ssm_a	0	48	1	1	1	31669407616
2	blk.1.ssm_alpha.weight	0	2560	48	1	2	31669407808
2	blk.1.ssm_beta.weight	0	2560	48	1	2	31669899328
2	blk.1.ssm_conv1d.weight	0	4	10240	1	2	31670390848
2	blk.1.ssm_dt.bias	0	48	1	1	1	31670554688
2	blk.1.ssm_norm.weight	0	128	1	1	1	31670554880
2	blk.1.ssm_out.weight	14	6144	2560	1	2	31670555392
2	blk.2.attn_gate.weight	14	2560	6144	1	2	31683457792
2	blk.2.attn_qkv.weight	14	2560	10240	1	2	31696360192
2	blk.2.ffn_down_exps.weight	20	640	2560	512	3	31717864192
2	blk.2.ffn_down_shexp.weight	8	640	2560	1	2	32189723392
2	blk.2.ffn_gate_exps.weight	18	2560	640	512	3	32191464192
2	blk.2.ffn_gate_inp.weight	0	2560	512	1	2	32512590592
2	blk.2.ffn_gate_inp_shexp.weight	0	2560	1	1	1	32517833472
2	blk.2.ffn_gate_shexp.weight	14	2560	640	1	2	32517843712
2	blk.2.ffn_up_exps.weight	18	2560	640	512	3	32519187712
2	blk.2.ffn_up_shexp.weight	14	2560	640	1	2	32840314112
2	blk.2.hc_attn_down.weight	8	10240	320	1	2	32841658112
2	blk.2.hc_attn_inject.weight	0	10240	4	1	2	32845139712
2	blk.2.hc_attn_norm.weight	0	10240	1	1	1	32845303552
2	blk.2.hc_attn_up.weight	8	320	10240	1	2	32845344512
2	blk.2.hc_ffn_down.weight	8	10240	320	1	2	32848826112
2	blk.2.hc_ffn_inject.weight	0	10240	4	1	2	32852307712
2	blk.2.hc_ffn_norm.weight	0	10240	1	1	1	32852471552
2	blk.2.hc_ffn_up.weight	8	320	10240	1	2	32852512512
2	blk.2.ssm_a	0	48	1	1	1	32855994112
2	blk.2.ssm_alpha.weight	0	2560	48	1	2	32855994304
2	blk.2.ssm_beta.weight	0	2560	48	1	2	32856485824
2	blk.2.ssm_conv1d.weight	0	4	10240	1	2	32856977344
2	blk.2.ssm_dt.bias	0	48	1	1	1	32857141184
2	blk.2.ssm_norm.weight	0	128	1	1	1	32857141376
2	blk.2.ssm_out.weight	14	6144	2560	1	2	32857141888
2	blk.3.attn_k.weight	14	2560	512	1	2	32870044288
2	blk.3.attn_k_norm.weight	0	256	1	1	1	32871119488
2	blk.3.attn_output.weight	13	6144	2560	1	2	32871120512
2	blk.3.attn_q.weight	13	2560	12288	1	2	32881933952
2	blk.3.attn_q_norm.weight	0	256	1	1	1	32903560832
2	blk.3.attn_v.weight	14	2560	512	1	2	32903561856
2	blk.3.ffn_down_exps.weight	20	640	2560	512	3	32904637056
2	blk.3.ffn_down_shexp.weight	8	640	2560	1	2	33376496256
2	blk.3.ffn_gate_exps.weight	17	2560	640	512	3	33378237056
2	blk.3.ffn_gate_inp.weight	0	2560	512	1	2	33620720256
2	blk.3.ffn_gate_inp_shexp.weight	0	2560	1	1	1	33625963136
2	blk.3.ffn_gate_shexp.weight	13	2560	640	1	2	33625973376
2	blk.3.ffn_up_exps.weight	17	2560	640	512	3	33627099776
2	blk.3.ffn_up_shexp.weight	13	2560	640	1	2	33869582976
2	blk.3.hc_attn_down.weight	8	10240	320	1	2	33870709376
2	blk.3.hc_attn_inject.weight	0	10240	4	1	2	33874190976
2	blk.3.hc_attn_norm.weight	0	10240	1	1	1	33874354816
2	blk.3.hc_attn_up.weight	8	320	10240	1	2	33874395776
2	blk.3.hc_ffn_down.weight	8	10240	320	1	2	33877877376
2	blk.3.hc_ffn_inject.weight	0	10240	4	1	2	33881358976
2	blk.3.hc_ffn_norm.weight	0	10240	1	1	1	33881522816
2	blk.3.hc_ffn_up.weight	8	320	10240	1	2	33881563776
2	blk.3.indexer.k_norm.weight	0	128	1	1	1	33885045376
2	blk.3.indexer.k_proj.weight	30	2560	128	1	2	33885045888
2	blk.3.indexer.q_norm.weight	0	128	1	1	1	33885701248
2	blk.3.indexer.q_proj.weight	30	2560	512	1	2	33885701760
2	blk.4.attn_gate.weight	13	2560	6144	1	2	33888323200
2	blk.4.attn_qkv.weight	13	2560	10240	1	2	33899136640
2	blk.4.ffn_down_exps.weight	20	640	2560	512	3	33917159040
2	blk.4.ffn_down_shexp.weight	8	640	2560	1	2	34389018240
2	blk.4.ffn_gate_exps.weight	17	2560	640	512	3	34390759040
2	blk.4.ffn_gate_inp.weight	0	2560	512	1	2	34633242240
2	blk.4.ffn_gate_inp_shexp.weight	0	2560	1	1	1	34638485120
2	blk.4.ffn_gate_shexp.weight	13	2560	640	1	2	34638495360
2	blk.4.ffn_up_exps.weight	17	2560	640	512	3	34639621760
2	blk.4.ffn_up_shexp.weight	13	2560	640	1	2	34882104960
2	blk.4.hc_attn_down.weight	8	10240	320	1	2	34883231360
2	blk.4.hc_attn_inject.weight	0	10240	4	1	2	34886712960
2	blk.4.hc_attn_norm.weight	0	10240	1	1	1	34886876800
2	blk.4.hc_attn_up.weight	8	320	10240	1	2	34886917760
2	blk.4.hc_ffn_down.weight	8	10240	320	1	2	34890399360
2	blk.4.hc_ffn_inject.weight	0	10240	4	1	2	34893880960
2	blk.4.hc_ffn_norm.weight	0	10240	1	1	1	34894044800
2	blk.4.hc_ffn_up.weight	8	320	10240	1	2	34894085760
2	blk.4.ssm_a	0	48	1	1	1	34897567360
2	blk.4.ssm_alpha.weight	0	2560	48	1	2	34897567552
2	blk.4.ssm_beta.weight	0	2560	48	1	2	34898059072
2	blk.4.ssm_conv1d.weight	0	4	10240	1	2	34898550592
2	blk.4.ssm_dt.bias	0	48	1	1	1	34898714432
2	blk.4.ssm_norm.weight	0	128	1	1	1	34898714624
2	blk.4.ssm_out.weight	14	6144	2560	1	2	34898715136
2	blk.5.attn_gate.weight	13	2560	6144	1	2	34911617536
2	blk.5.attn_qkv.weight	13	2560	10240	1	2	34922430976
2	blk.5.ffn_down_exps.weight	20	640	2560	512	3	34940453376
2	blk.5.ffn_down_shexp.weight	8	640	2560	1	2	35412312576
2	blk.5.ffn_gate_exps.weight	17	2560	640	512	3	35414053376
2	blk.5.ffn_gate_inp.weight	0	2560	512	1	2	35656536576
2	blk.5.ffn_gate_inp_shexp.weight	0	2560	1	1	1	35661779456
2	blk.5.ffn_gate_shexp.weight	13	2560	640	1	2	35661789696
2	blk.5.ffn_up_exps.weight	17	2560	640	512	3	35662916096
2	blk.5.ffn_up_shexp.weight	13	2560	640	1	2	35905399296
2	blk.5.hc_attn_down.weight	8	10240	320	1	2	35906525696
2	blk.5.hc_attn_inject.weight	0	10240	4	1	2	35910007296
2	blk.5.hc_attn_norm.weight	0	10240	1	1	1	35910171136
2	blk.5.hc_attn_up.weight	8	320	10240	1	2	35910212096
2	blk.5.hc_ffn_down.weight	8	10240	320	1	2	35913693696
2	blk.5.hc_ffn_inject.weight	0	10240	4	1	2	35917175296
2	blk.5.hc_ffn_norm.weight	0	10240	1	1	1	35917339136
2	blk.5.hc_ffn_up.weight	8	320	10240	1	2	35917380096
2	blk.5.ssm_a	0	48	1	1	1	35920861696
2	blk.5.ssm_alpha.weight	0	2560	48	1	2	35920861888
2	blk.5.ssm_beta.weight	0	2560	48	1	2	35921353408
2	blk.5.ssm_conv1d.weight	0	4	10240	1	2	35921844928
2	blk.5.ssm_dt.bias	0	48	1	1	1	35922008768
2	blk.5.ssm_norm.weight	0	128	1	1	1	35922008960
2	blk.5.ssm_out.weight	14	6144	2560	1	2	35922009472
2	blk.6.attn_gate.weight	13	2560	6144	1	2	35934911872
2	blk.6.attn_qkv.weight	13	2560	10240	1	2	35945725312
2	blk.6.ffn_down_exps.weight	20	640	2560	512	3	35963747712
2	blk.6.ffn_down_shexp.weight	8	640	2560	1	2	36435606912
2	blk.6.ffn_gate_exps.weight	17	2560	640	512	3	36437347712
2	blk.6.ffn_gate_inp.weight	0	2560	512	1	2	36679830912
2	blk.6.ffn_gate_inp_shexp.weight	0	2560	1	1	1	36685073792
2	blk.6.ffn_gate_shexp.weight	13	2560	640	1	2	36685084032
2	blk.6.ffn_up_exps.weight	17	2560	640	512	3	36686210432
2	blk.6.ffn_up_shexp.weight	13	2560	640	1	2	36928693632
2	blk.6.hc_attn_down.weight	8	10240	320	1	2	36929820032
2	blk.6.hc_attn_inject.weight	0	10240	4	1	2	36933301632
2	blk.6.hc_attn_norm.weight	0	10240	1	1	1	36933465472
2	blk.6.hc_attn_up.weight	8	320	10240	1	2	36933506432
2	blk.6.hc_ffn_down.weight	8	10240	320	1	2	36936988032
2	blk.6.hc_ffn_inject.weight	0	10240	4	1	2	36940469632
2	blk.6.hc_ffn_norm.weight	0	10240	1	1	1	36940633472
2	blk.6.hc_ffn_up.weight	8	320	10240	1	2	36940674432
2	blk.6.ssm_a	0	48	1	1	1	36944156032
2	blk.6.ssm_alpha.weight	0	2560	48	1	2	36944156224
2	blk.6.ssm_beta.weight	0	2560	48	1	2	36944647744
2	blk.6.ssm_conv1d.weight	0	4	10240	1	2	36945139264
2	blk.6.ssm_dt.bias	0	48	1	1	1	36945303104
2	blk.6.ssm_norm.weight	0	128	1	1	1	36945303296
2	blk.6.ssm_out.weight	14	6144	2560	1	2	36945303808
2	blk.7.attn_k.weight	14	2560	512	1	2	36958206208
2	blk.7.attn_k_norm.weight	0	256	1	1	1	36959281408
2	blk.7.attn_output.weight	13	6144	2560	1	2	36959282432
2	blk.7.attn_q.weight	13	2560	12288	1	2	36970095872
2	blk.7.attn_q_norm.weight	0	256	1	1	1	36991722752
2	blk.7.attn_v.weight	14	2560	512	1	2	36991723776
2	blk.7.ffn_down_exps.weight	20	640	2560	512	3	36992798976
2	blk.7.ffn_down_shexp.weight	8	640	2560	1	2	37464658176
2	blk.7.ffn_gate_exps.weight	17	2560	640	512	3	37466398976
2	blk.7.ffn_gate_inp.weight	0	2560	512	1	2	37708882176
2	blk.7.ffn_gate_inp_shexp.weight	0	2560	1	1	1	37714125056
2	blk.7.ffn_gate_shexp.weight	13	2560	640	1	2	37714135296
2	blk.7.ffn_up_exps.weight	17	2560	640	512	3	37715261696
2	blk.7.ffn_up_shexp.weight	13	2560	640	1	2	37957744896
2	blk.7.hc_attn_down.weight	8	10240	320	1	2	37958871296
2	blk.7.hc_attn_inject.weight	0	10240	4	1	2	37962352896
2	blk.7.hc_attn_norm.weight	0	10240	1	1	1	37962516736
2	blk.7.hc_attn_up.weight	8	320	10240	1	2	37962557696
2	blk.7.hc_ffn_down.weight	8	10240	320	1	2	37966039296
2	blk.7.hc_ffn_inject.weight	0	10240	4	1	2	37969520896
2	blk.7.hc_ffn_norm.weight	0	10240	1	1	1	37969684736
2	blk.7.hc_ffn_up.weight	8	320	10240	1	2	37969725696
2	blk.7.indexer.k_norm.weight	0	128	1	1	1	37973207296
2	blk.7.indexer.k_proj.weight	30	2560	128	1	2	37973207808
2	blk.7.indexer.q_norm.weight	0	128	1	1	1	37973863168
2	blk.7.indexer.q_proj.weight	30	2560	512	1	2	37973863680
2	blk.8.attn_gate.weight	13	2560	6144	1	2	37976485120
2	blk.8.attn_qkv.weight	13	2560	10240	1	2	37987298560
2	blk.8.ffn_down_exps.weight	20	640	2560	512	3	38005320960
2	blk.8.ffn_down_shexp.weight	8	640	2560	1	2	38477180160
2	blk.8.ffn_gate_exps.weight	17	2560	640	512	3	38478920960
2	blk.8.ffn_gate_inp.weight	0	2560	512	1	2	38721404160
2	blk.8.ffn_gate_inp_shexp.weight	0	2560	1	1	1	38726647040
2	blk.8.ffn_gate_shexp.weight	13	2560	640	1	2	38726657280
2	blk.8.ffn_up_exps.weight	17	2560	640	512	3	38727783680
2	blk.8.ffn_up_shexp.weight	13	2560	640	1	2	38970266880
2	blk.8.hc_attn_down.weight	8	10240	320	1	2	38971393280
2	blk.8.hc_attn_inject.weight	0	10240	4	1	2	38974874880
2	blk.8.hc_attn_norm.weight	0	10240	1	1	1	38975038720
2	blk.8.hc_attn_up.weight	8	320	10240	1	2	38975079680
2	blk.8.hc_ffn_down.weight	8	10240	320	1	2	38978561280
2	blk.8.hc_ffn_inject.weight	0	10240	4	1	2	38982042880
2	blk.8.hc_ffn_norm.weight	0	10240	1	1	1	38982206720
2	blk.8.hc_ffn_up.weight	8	320	10240	1	2	38982247680
2	blk.8.ssm_a	0	48	1	1	1	38985729280
2	blk.8.ssm_alpha.weight	0	2560	48	1	2	38985729472
2	blk.8.ssm_beta.weight	0	2560	48	1	2	38986220992
2	blk.8.ssm_conv1d.weight	0	4	10240	1	2	38986712512
2	blk.8.ssm_dt.bias	0	48	1	1	1	38986876352
2	blk.8.ssm_norm.weight	0	128	1	1	1	38986876544
2	blk.8.ssm_out.weight	14	6144	2560	1	2	38986877056
2	blk.9.attn_gate.weight	13	2560	6144	1	2	38999779456
2	blk.9.attn_qkv.weight	13	2560	10240	1	2	39010592896
2	blk.9.ffn_down_exps.weight	20	640	2560	512	3	39028615296
2	blk.9.ffn_down_shexp.weight	8	640	2560	1	2	39500474496
2	blk.9.ffn_gate_exps.weight	17	2560	640	512	3	39502215296
2	blk.9.ffn_gate_inp.weight	0	2560	512	1	2	39744698496
2	blk.9.ffn_gate_inp_shexp.weight	0	2560	1	1	1	39749941376
2	blk.9.ffn_gate_shexp.weight	13	2560	640	1	2	39749951616
2	blk.9.ffn_up_exps.weight	17	2560	640	512	3	39751078016
2	blk.9.ffn_up_shexp.weight	13	2560	640	1	2	39993561216
2	blk.9.hc_attn_down.weight	8	10240	320	1	2	39994687616
2	blk.9.hc_attn_inject.weight	0	10240	4	1	2	39998169216
2	blk.9.hc_attn_norm.weight	0	10240	1	1	1	39998333056
2	blk.9.hc_attn_up.weight	8	320	10240	1	2	39998374016
2	blk.9.hc_ffn_down.weight	8	10240	320	1	2	40001855616
2	blk.9.hc_ffn_inject.weight	0	10240	4	1	2	40005337216
2	blk.9.hc_ffn_norm.weight	0	10240	1	1	1	40005501056
2	blk.9.hc_ffn_up.weight	8	320	10240	1	2	40005542016
2	blk.9.ssm_a	0	48	1	1	1	40009023616
2	blk.9.ssm_alpha.weight	0	2560	48	1	2	40009023808
2	blk.9.ssm_beta.weight	0	2560	48	1	2	40009515328
2	blk.9.ssm_conv1d.weight	0	4	10240	1	2	40010006848
2	blk.9.ssm_dt.bias	0	48	1	1	1	40010170688
2	blk.9.ssm_norm.weight	0	128	1	1	1	40010170880
2	blk.9.ssm_out.weight	14	6144	2560	1	2	40010171392
2	blk.10.attn_gate.weight	13	2560	6144	1	2	40023073792
2	blk.10.attn_qkv.weight	13	2560	10240	1	2	40033887232
2	blk.10.ffn_down_exps.weight	20	640	2560	512	3	40051909632
2	blk.10.ffn_down_shexp.weight	8	640	2560	1	2	40523768832
2	blk.10.ffn_gate_exps.weight	17	2560	640	512	3	40525509632
2	blk.10.ffn_gate_inp.weight	0	2560	512	1	2	40767992832
2	blk.10.ffn_gate_inp_shexp.weight	0	2560	1	1	1	40773235712
2	blk.10.ffn_gate_shexp.weight	13	2560	640	1	2	40773245952
2	blk.10.ffn_up_exps.weight	17	2560	640	512	3	40774372352
2	blk.10.ffn_up_shexp.weight	13	2560	640	1	2	41016855552
2	blk.10.hc_attn_down.weight	8	10240	320	1	2	41017981952
2	blk.10.hc_attn_inject.weight	0	10240	4	1	2	41021463552
2	blk.10.hc_attn_norm.weight	0	10240	1	1	1	41021627392
2	blk.10.hc_attn_up.weight	8	320	10240	1	2	41021668352
2	blk.10.hc_ffn_down.weight	8	10240	320	1	2	41025149952
2	blk.10.hc_ffn_inject.weight	0	10240	4	1	2	41028631552
2	blk.10.hc_ffn_norm.weight	0	10240	1	1	1	41028795392
2	blk.10.hc_ffn_up.weight	8	320	10240	1	2	41028836352
2	blk.10.ssm_a	0	48	1	1	1	41032317952
2	blk.10.ssm_alpha.weight	0	2560	48	1	2	41032318144
2	blk.10.ssm_beta.weight	0	2560	48	1	2	41032809664
2	blk.10.ssm_conv1d.weight	0	4	10240	1	2	41033301184
2	blk.10.ssm_dt.bias	0	48	1	1	1	41033465024
2	blk.10.ssm_norm.weight	0	128	1	1	1	41033465216
2	blk.10.ssm_out.weight	14	6144	2560	1	2	41033465728
2	blk.11.attn_k.weight	14	2560	512	1	2	41046368128
2	blk.11.attn_k_norm.weight	0	256	1	1	1	41047443328
2	blk.11.attn_output.weight	13	6144	2560	1	2	41047444352
2	blk.11.attn_q.weight	13	2560	12288	1	2	41058257792
2	blk.11.attn_q_norm.weight	0	256	1	1	1	41079884672
2	blk.11.attn_v.weight	14	2560	512	1	2	41079885696
2	blk.11.ffn_down_exps.weight	20	640	2560	512	3	41080960896
2	blk.11.ffn_down_shexp.weight	8	640	2560	1	2	41552820096
2	blk.11.ffn_gate_exps.weight	17	2560	640	512	3	41554560896
2	blk.11.ffn_gate_inp.weight	0	2560	512	1	2	41797044096
2	blk.11.ffn_gate_inp_shexp.weight	0	2560	1	1	1	41802286976
2	blk.11.ffn_gate_shexp.weight	13	2560	640	1	2	41802297216
2	blk.11.ffn_up_exps.weight	17	2560	640	512	3	41803423616
2	blk.11.ffn_up_shexp.weight	13	2560	640	1	2	42045906816
2	blk.11.hc_attn_down.weight	8	10240	320	1	2	42047033216
2	blk.11.hc_attn_inject.weight	0	10240	4	1	2	42050514816
2	blk.11.hc_attn_norm.weight	0	10240	1	1	1	42050678656
2	blk.11.hc_attn_up.weight	8	320	10240	1	2	42050719616
2	blk.11.hc_ffn_down.weight	8	10240	320	1	2	42054201216
2	blk.11.hc_ffn_inject.weight	0	10240	4	1	2	42057682816
2	blk.11.hc_ffn_norm.weight	0	10240	1	1	1	42057846656
2	blk.11.hc_ffn_up.weight	8	320	10240	1	2	42057887616
2	blk.11.indexer.k_norm.weight	0	128	1	1	1	42061369216
2	blk.11.indexer.k_proj.weight	30	2560	128	1	2	42061369728
2	blk.11.indexer.q_norm.weight	0	128	1	1	1	42062025088
2	blk.11.indexer.q_proj.weight	30	2560	512	1	2	42062025600
2	blk.12.attn_gate.weight	13	2560	6144	1	2	42064647040
2	blk.12.attn_qkv.weight	13	2560	10240	1	2	42075460480
2	blk.12.ffn_down_exps.weight	20	640	2560	512	3	42093482880
2	blk.12.ffn_down_shexp.weight	8	640	2560	1	2	42565342080
2	blk.12.ffn_gate_exps.weight	17	2560	640	512	3	42567082880
2	blk.12.ffn_gate_inp.weight	0	2560	512	1	2	42809566080
2	blk.12.ffn_gate_inp_shexp.weight	0	2560	1	1	1	42814808960
2	blk.12.ffn_gate_shexp.weight	13	2560	640	1	2	42814819200
2	blk.12.ffn_up_exps.weight	17	2560	640	512	3	42815945600
2	blk.12.ffn_up_shexp.weight	13	2560	640	1	2	43058428800
2	blk.12.hc_attn_down.weight	8	10240	320	1	2	43059555200
2	blk.12.hc_attn_inject.weight	0	10240	4	1	2	43063036800
2	blk.12.hc_attn_norm.weight	0	10240	1	1	1	43063200640
2	blk.12.hc_attn_up.weight	8	320	10240	1	2	43063241600
2	blk.12.hc_ffn_down.weight	8	10240	320	1	2	43066723200
2	blk.12.hc_ffn_inject.weight	0	10240	4	1	2	43070204800
2	blk.12.hc_ffn_norm.weight	0	10240	1	1	1	43070368640
2	blk.12.hc_ffn_up.weight	8	320	10240	1	2	43070409600
2	blk.12.ssm_a	0	48	1	1	1	43073891200
2	blk.12.ssm_alpha.weight	0	2560	48	1	2	43073891392
2	blk.12.ssm_beta.weight	0	2560	48	1	2	43074382912
2	blk.12.ssm_conv1d.weight	0	4	10240	1	2	43074874432
2	blk.12.ssm_dt.bias	0	48	1	1	1	43075038272
2	blk.12.ssm_norm.weight	0	128	1	1	1	43075038464
2	blk.12.ssm_out.weight	14	6144	2560	1	2	43075038976
2	blk.13.attn_gate.weight	13	2560	6144	1	2	43087941376
2	blk.13.attn_qkv.weight	13	2560	10240	1	2	43098754816
2	blk.13.ffn_down_exps.weight	20	640	2560	512	3	43116777216
2	blk.13.ffn_down_shexp.weight	8	640	2560	1	2	43588636416
2	blk.13.ffn_gate_exps.weight	17	2560	640	512	3	43590377216
2	blk.13.ffn_gate_inp.weight	0	2560	512	1	2	43832860416
2	blk.13.ffn_gate_inp_shexp.weight	0	2560	1	1	1	43838103296
2	blk.13.ffn_gate_shexp.weight	13	2560	640	1	2	43838113536
2	blk.13.ffn_up_exps.weight	17	2560	640	512	3	43839239936
2	blk.13.ffn_up_shexp.weight	13	2560	640	1	2	44081723136
2	blk.13.hc_attn_down.weight	8	10240	320	1	2	44082849536
2	blk.13.hc_attn_inject.weight	0	10240	4	1	2	44086331136
2	blk.13.hc_attn_norm.weight	0	10240	1	1	1	44086494976
2	blk.13.hc_attn_up.weight	8	320	10240	1	2	44086535936
2	blk.13.hc_ffn_down.weight	8	10240	320	1	2	44090017536
2	blk.13.hc_ffn_inject.weight	0	10240	4	1	2	44093499136
2	blk.13.hc_ffn_norm.weight	0	10240	1	1	1	44093662976
2	blk.13.hc_ffn_up.weight	8	320	10240	1	2	44093703936
2	blk.13.ssm_a	0	48	1	1	1	44097185536
2	blk.13.ssm_alpha.weight	0	2560	48	1	2	44097185728
2	blk.13.ssm_beta.weight	0	2560	48	1	2	44097677248
2	blk.13.ssm_conv1d.weight	0	4	10240	1	2	44098168768
2	blk.13.ssm_dt.bias	0	48	1	1	1	44098332608
2	blk.13.ssm_norm.weight	0	128	1	1	1	44098332800
2	blk.13.ssm_out.weight	14	6144	2560	1	2	44098333312
2	blk.14.attn_gate.weight	13	2560	6144	1	2	44111235712
2	blk.14.attn_qkv.weight	13	2560	10240	1	2	44122049152
2	blk.14.ffn_down_exps.weight	20	640	2560	512	3	44140071552
2	blk.14.ffn_down_shexp.weight	8	640	2560	1	2	44611930752
2	blk.14.ffn_gate_exps.weight	17	2560	640	512	3	44613671552
2	blk.14.ffn_gate_inp.weight	0	2560	512	1	2	44856154752
2	blk.14.ffn_gate_inp_shexp.weight	0	2560	1	1	1	44861397632
2	blk.14.ffn_gate_shexp.weight	13	2560	640	1	2	44861407872
2	blk.14.ffn_up_exps.weight	17	2560	640	512	3	44862534272
2	blk.14.ffn_up_shexp.weight	13	2560	640	1	2	45105017472
2	blk.14.hc_attn_down.weight	8	10240	320	1	2	45106143872
2	blk.14.hc_attn_inject.weight	0	10240	4	1	2	45109625472
2	blk.14.hc_attn_norm.weight	0	10240	1	1	1	45109789312
2	blk.14.hc_attn_up.weight	8	320	10240	1	2	45109830272
2	blk.14.hc_ffn_down.weight	8	10240	320	1	2	45113311872
2	blk.14.hc_ffn_inject.weight	0	10240	4	1	2	45116793472
2	blk.14.hc_ffn_norm.weight	0	10240	1	1	1	45116957312
2	blk.14.hc_ffn_up.weight	8	320	10240	1	2	45116998272
2	blk.14.ssm_a	0	48	1	1	1	45120479872
2	blk.14.ssm_alpha.weight	0	2560	48	1	2	45120480064
2	blk.14.ssm_beta.weight	0	2560	48	1	2	45120971584
2	blk.14.ssm_conv1d.weight	0	4	10240	1	2	45121463104
2	blk.14.ssm_dt.bias	0	48	1	1	1	45121626944
2	blk.14.ssm_norm.weight	0	128	1	1	1	45121627136
2	blk.14.ssm_out.weight	14	6144	2560	1	2	45121627648
2	blk.15.attn_k.weight	14	2560	512	1	2	45134530048
2	blk.15.attn_k_norm.weight	0	256	1	1	1	45135605248
2	blk.15.attn_output.weight	13	6144	2560	1	2	45135606272
2	blk.15.attn_q.weight	13	2560	12288	1	2	45146419712
2	blk.15.attn_q_norm.weight	0	256	1	1	1	45168046592
2	blk.15.attn_v.weight	14	2560	512	1	2	45168047616
2	blk.15.ffn_down_exps.weight	20	640	2560	512	3	45169122816
2	blk.15.ffn_down_shexp.weight	8	640	2560	1	2	45640982016
2	blk.15.ffn_gate_exps.weight	17	2560	640	512	3	45642722816
2	blk.15.ffn_gate_inp.weight	0	2560	512	1	2	45885206016
2	blk.15.ffn_gate_inp_shexp.weight	0	2560	1	1	1	45890448896
2	blk.15.ffn_gate_shexp.weight	13	2560	640	1	2	45890459136
2	blk.15.ffn_up_exps.weight	17	2560	640	512	3	45891585536
2	blk.15.ffn_up_shexp.weight	13	2560	640	1	2	46134068736
2	blk.15.hc_attn_down.weight	8	10240	320	1	2	46135195136
2	blk.15.hc_attn_inject.weight	0	10240	4	1	2	46138676736
2	blk.15.hc_attn_norm.weight	0	10240	1	1	1	46138840576
2	blk.15.hc_attn_up.weight	8	320	10240	1	2	46138881536
2	blk.15.hc_ffn_down.weight	8	10240	320	1	2	46142363136
2	blk.15.hc_ffn_inject.weight	0	10240	4	1	2	46145844736
2	blk.15.hc_ffn_norm.weight	0	10240	1	1	1	46146008576
2	blk.15.hc_ffn_up.weight	8	320	10240	1	2	46146049536
2	blk.15.indexer.k_norm.weight	0	128	1	1	1	46149531136
2	blk.15.indexer.k_proj.weight	30	2560	128	1	2	46149531648
2	blk.15.indexer.q_norm.weight	0	128	1	1	1	46150187008
2	blk.15.indexer.q_proj.weight	30	2560	512	1	2	46150187520
2	blk.16.attn_gate.weight	13	2560	6144	1	2	46152808960
2	blk.16.attn_qkv.weight	13	2560	10240	1	2	46163622400
2	blk.16.ffn_down_exps.weight	20	640	2560	512	3	46181644800
2	blk.16.ffn_down_shexp.weight	8	640	2560	1	2	46653504000
2	blk.16.ffn_gate_exps.weight	17	2560	640	512	3	46655244800
2	blk.16.ffn_gate_inp.weight	0	2560	512	1	2	46897728000
2	blk.16.ffn_gate_inp_shexp.weight	0	2560	1	1	1	46902970880
2	blk.16.ffn_gate_shexp.weight	13	2560	640	1	2	46902981120
2	blk.16.ffn_up_exps.weight	17	2560	640	512	3	46904107520
2	blk.16.ffn_up_shexp.weight	13	2560	640	1	2	47146590720
2	blk.16.hc_attn_down.weight	8	10240	320	1	2	47147717120
2	blk.16.hc_attn_inject.weight	0	10240	4	1	2	47151198720
2	blk.16.hc_attn_norm.weight	0	10240	1	1	1	47151362560
2	blk.16.hc_attn_up.weight	8	320	10240	1	2	47151403520
2	blk.16.hc_ffn_down.weight	8	10240	320	1	2	47154885120
2	blk.16.hc_ffn_inject.weight	0	10240	4	1	2	47158366720
2	blk.16.hc_ffn_norm.weight	0	10240	1	1	1	47158530560
2	blk.16.hc_ffn_up.weight	8	320	10240	1	2	47158571520
2	blk.16.ssm_a	0	48	1	1	1	47162053120
2	blk.16.ssm_alpha.weight	0	2560	48	1	2	47162053312
2	blk.16.ssm_beta.weight	0	2560	48	1	2	47162544832
2	blk.16.ssm_conv1d.weight	0	4	10240	1	2	47163036352
2	blk.16.ssm_dt.bias	0	48	1	1	1	47163200192
2	blk.16.ssm_norm.weight	0	128	1	1	1	47163200384
2	blk.16.ssm_out.weight	14	6144	2560	1	2	47163200896
2	blk.17.attn_gate.weight	13	2560	6144	1	2	47176103296
2	blk.17.attn_qkv.weight	13	2560	10240	1	2	47186916736
2	blk.17.ffn_down_exps.weight	20	640	2560	512	3	47204939136
2	blk.17.ffn_down_shexp.weight	8	640	2560	1	2	47676798336
2	blk.17.ffn_gate_exps.weight	17	2560	640	512	3	47678539136
2	blk.17.ffn_gate_inp.weight	0	2560	512	1	2	47921022336
2	blk.17.ffn_gate_inp_shexp.weight	0	2560	1	1	1	47926265216
2	blk.17.ffn_gate_shexp.weight	13	2560	640	1	2	47926275456
2	blk.17.ffn_up_exps.weight	17	2560	640	512	3	47927401856
2	blk.17.ffn_up_shexp.weight	13	2560	640	1	2	48169885056
2	blk.17.hc_attn_down.weight	8	10240	320	1	2	48171011456
2	blk.17.hc_attn_inject.weight	0	10240	4	1	2	48174493056
2	blk.17.hc_attn_norm.weight	0	10240	1	1	1	48174656896
2	blk.17.hc_attn_up.weight	8	320	10240	1	2	48174697856
2	blk.17.hc_ffn_down.weight	8	10240	320	1	2	48178179456
2	blk.17.hc_ffn_inject.weight	0	10240	4	1	2	48181661056
2	blk.17.hc_ffn_norm.weight	0	10240	1	1	1	48181824896
2	blk.17.hc_ffn_up.weight	8	320	10240	1	2	48181865856
2	blk.17.ssm_a	0	48	1	1	1	48185347456
2	blk.17.ssm_alpha.weight	0	2560	48	1	2	48185347648
2	blk.17.ssm_beta.weight	0	2560	48	1	2	48185839168
2	blk.17.ssm_conv1d.weight	0	4	10240	1	2	48186330688
2	blk.17.ssm_dt.bias	0	48	1	1	1	48186494528
2	blk.17.ssm_norm.weight	0	128	1	1	1	48186494720
2	blk.17.ssm_out.weight	14	6144	2560	1	2	48186495232
2	blk.18.attn_gate.weight	13	2560	6144	1	2	48199397632
2	blk.18.attn_qkv.weight	13	2560	10240	1	2	48210211072
2	blk.18.ffn_down_exps.weight	20	640	2560	512	3	48228233472
2	blk.18.ffn_down_shexp.weight	8	640	2560	1	2	48700092672
2	blk.18.ffn_gate_exps.weight	17	2560	640	512	3	48701833472
2	blk.18.ffn_gate_inp.weight	0	2560	512	1	2	48944316672
2	blk.18.ffn_gate_inp_shexp.weight	0	2560	1	1	1	48949559552
2	blk.18.ffn_gate_shexp.weight	13	2560	640	1	2	48949569792
2	blk.18.ffn_up_exps.weight	17	2560	640	512	3	48950696192
2	blk.18.ffn_up_shexp.weight	13	2560	640	1	2	49193179392
2	blk.18.hc_attn_down.weight	8	10240	320	1	2	49194305792
2	blk.18.hc_attn_inject.weight	0	10240	4	1	2	49197787392
2	blk.18.hc_attn_norm.weight	0	10240	1	1	1	49197951232
2	blk.18.hc_attn_up.weight	8	320	10240	1	2	49197992192
2	blk.18.hc_ffn_down.weight	8	10240	320	1	2	49201473792
2	blk.18.hc_ffn_inject.weight	0	10240	4	1	2	49204955392
2	blk.18.hc_ffn_norm.weight	0	10240	1	1	1	49205119232
2	blk.18.hc_ffn_up.weight	8	320	10240	1	2	49205160192
2	blk.18.ssm_a	0	48	1	1	1	49208641792
2	blk.18.ssm_alpha.weight	0	2560	48	1	2	49208641984
2	blk.18.ssm_beta.weight	0	2560	48	1	2	49209133504
2	blk.18.ssm_conv1d.weight	0	4	10240	1	2	49209625024
2	blk.18.ssm_dt.bias	0	48	1	1	1	49209788864
2	blk.18.ssm_norm.weight	0	128	1	1	1	49209789056
2	blk.18.ssm_out.weight	14	6144	2560	1	2	49209789568
2	blk.19.attn_k.weight	14	2560	512	1	2	49222691968
2	blk.19.attn_k_norm.weight	0	256	1	1	1	49223767168
2	blk.19.attn_output.weight	13	6144	2560	1	2	49223768192
2	blk.19.attn_q.weight	13	2560	12288	1	2	49234581632
2	blk.19.attn_q_norm.weight	0	256	1	1	1	49256208512
2	blk.19.attn_v.weight	14	2560	512	1	2	49256209536
2	blk.19.ffn_down_exps.weight	20	640	2560	512	3	49257284736
2	blk.19.ffn_down_shexp.weight	8	640	2560	1	2	49729143936
2	blk.19.ffn_gate_exps.weight	17	2560	640	512	3	49730884736
2	blk.19.ffn_gate_inp.weight	0	2560	512	1	2	49973367936
2	blk.19.ffn_gate_inp_shexp.weight	0	2560	1	1	1	49978610816
2	blk.19.ffn_gate_shexp.weight	13	2560	640	1	2	49978621056
3	blk.19.ffn_up_exps.weight	17	2560	640	512	3	0
3	blk.19.ffn_up_shexp.weight	13	2560	640	1	2	242483200
3	blk.19.hc_attn_down.weight	8	10240	320	1	2	243609600
3	blk.19.hc_attn_inject.weight	0	10240	4	1	2	247091200
3	blk.19.hc_attn_norm.weight	0	10240	1	1	1	247255040
3	blk.19.hc_attn_up.weight	8	320	10240	1	2	247296000
3	blk.19.hc_ffn_down.weight	8	10240	320	1	2	250777600
3	blk.19.hc_ffn_inject.weight	0	10240	4	1	2	254259200
3	blk.19.hc_ffn_norm.weight	0	10240	1	1	1	254423040
3	blk.19.hc_ffn_up.weight	8	320	10240	1	2	254464000
3	blk.19.indexer.k_norm.weight	0	128	1	1	1	257945600
3	blk.19.indexer.k_proj.weight	30	2560	128	1	2	257946112
3	blk.19.indexer.q_norm.weight	0	128	1	1	1	258601472
3	blk.19.indexer.q_proj.weight	30	2560	512	1	2	258601984
3	blk.20.attn_gate.weight	13	2560	6144	1	2	261223424
3	blk.20.attn_qkv.weight	13	2560	10240	1	2	272036864
3	blk.20.ffn_down_exps.weight	20	640	2560	512	3	290059264
3	blk.20.ffn_down_shexp.weight	8	640	2560	1	2	761918464
3	blk.20.ffn_gate_exps.weight	17	2560	640	512	3	763659264
3	blk.20.ffn_gate_inp.weight	0	2560	512	1	2	1006142464
3	blk.20.ffn_gate_inp_shexp.weight	0	2560	1	1	1	1011385344
3	blk.20.ffn_gate_shexp.weight	13	2560	640	1	2	1011395584
3	blk.20.ffn_up_exps.weight	17	2560	640	512	3	1012521984
3	blk.20.ffn_up_shexp.weight	13	2560	640	1	2	1255005184
3	blk.20.hc_attn_down.weight	8	10240	320	1	2	1256131584
3	blk.20.hc_attn_inject.weight	0	10240	4	1	2	1259613184
3	blk.20.hc_attn_norm.weight	0	10240	1	1	1	1259777024
3	blk.20.hc_attn_up.weight	8	320	10240	1	2	1259817984
3	blk.20.hc_ffn_down.weight	8	10240	320	1	2	1263299584
3	blk.20.hc_ffn_inject.weight	0	10240	4	1	2	1266781184
3	blk.20.hc_ffn_norm.weight	0	10240	1	1	1	1266945024
3	blk.20.hc_ffn_up.weight	8	320	10240	1	2	1266985984
3	blk.20.ssm_a	0	48	1	1	1	1270467584
3	blk.20.ssm_alpha.weight	0	2560	48	1	2	1270467776
3	blk.20.ssm_beta.weight	0	2560	48	1	2	1270959296
3	blk.20.ssm_conv1d.weight	0	4	10240	1	2	1271450816
3	blk.20.ssm_dt.bias	0	48	1	1	1	1271614656
3	blk.20.ssm_norm.weight	0	128	1	1	1	1271614848
3	blk.20.ssm_out.weight	14	6144	2560	1	2	1271615360
3	blk.21.attn_gate.weight	13	2560	6144	1	2	1284517760
3	blk.21.attn_qkv.weight	13	2560	10240	1	2	1295331200
3	blk.21.ffn_down_exps.weight	20	640	2560	512	3	1313353600
3	blk.21.ffn_down_shexp.weight	8	640	2560	1	2	1785212800
3	blk.21.ffn_gate_exps.weight	17	2560	640	512	3	1786953600
3	blk.21.ffn_gate_inp.weight	0	2560	512	1	2	2029436800
3	blk.21.ffn_gate_inp_shexp.weight	0	2560	1	1	1	2034679680
3	blk.21.ffn_gate_shexp.weight	13	2560	640	1	2	2034689920
3	blk.21.ffn_up_exps.weight	17	2560	640	512	3	2035816320
3	blk.21.ffn_up_shexp.weight	13	2560	640	1	2	2278299520
3	blk.21.hc_attn_down.weight	8	10240	320	1	2	2279425920
3	blk.21.hc_attn_inject.weight	0	10240	4	1	2	2282907520
3	blk.21.hc_attn_norm.weight	0	10240	1	1	1	2283071360
3	blk.21.hc_attn_up.weight	8	320	10240	1	2	2283112320
3	blk.21.hc_ffn_down.weight	8	10240	320	1	2	2286593920
3	blk.21.hc_ffn_inject.weight	0	10240	4	1	2	2290075520
3	blk.21.hc_ffn_norm.weight	0	10240	1	1	1	2290239360
3	blk.21.hc_ffn_up.weight	8	320	10240	1	2	2290280320
3	blk.21.ssm_a	0	48	1	1	1	2293761920
3	blk.21.ssm_alpha.weight	0	2560	48	1	2	2293762112
3	blk.21.ssm_beta.weight	0	2560	48	1	2	2294253632
3	blk.21.ssm_conv1d.weight	0	4	10240	1	2	2294745152
3	blk.21.ssm_dt.bias	0	48	1	1	1	2294908992
3	blk.21.ssm_norm.weight	0	128	1	1	1	2294909184
3	blk.21.ssm_out.weight	14	6144	2560	1	2	2294909696
3	blk.22.attn_gate.weight	13	2560	6144	1	2	2307812096
3	blk.22.attn_qkv.weight	13	2560	10240	1	2	2318625536
3	blk.22.ffn_down_exps.weight	20	640	2560	512	3	2336647936
3	blk.22.ffn_down_shexp.weight	8	640	2560	1	2	2808507136
3	blk.22.ffn_gate_exps.weight	17	2560	640	512	3	2810247936
3	blk.22.ffn_gate_inp.weight	0	2560	512	1	2	3052731136
3	blk.22.ffn_gate_inp_shexp.weight	0	2560	1	1	1	3057974016
3	blk.22.ffn_gate_shexp.weight	13	2560	640	1	2	3057984256
3	blk.22.ffn_up_exps.weight	17	2560	640	512	3	3059110656
3	blk.22.ffn_up_shexp.weight	13	2560	640	1	2	3301593856
3	blk.22.hc_attn_down.weight	8	10240	320	1	2	3302720256
3	blk.22.hc_attn_inject.weight	0	10240	4	1	2	3306201856
3	blk.22.hc_attn_norm.weight	0	10240	1	1	1	3306365696
3	blk.22.hc_attn_up.weight	8	320	10240	1	2	3306406656
3	blk.22.hc_ffn_down.weight	8	10240	320	1	2	3309888256
3	blk.22.hc_ffn_inject.weight	0	10240	4	1	2	3313369856
3	blk.22.hc_ffn_norm.weight	0	10240	1	1	1	3313533696
3	blk.22.hc_ffn_up.weight	8	320	10240	1	2	3313574656
3	blk.22.ssm_a	0	48	1	1	1	3317056256
3	blk.22.ssm_alpha.weight	0	2560	48	1	2	3317056448
3	blk.22.ssm_beta.weight	0	2560	48	1	2	3317547968
3	blk.22.ssm_conv1d.weight	0	4	10240	1	2	3318039488
3	blk.22.ssm_dt.bias	0	48	1	1	1	3318203328
3	blk.22.ssm_norm.weight	0	128	1	1	1	3318203520
3	blk.22.ssm_out.weight	14	6144	2560	1	2	3318204032
3	blk.23.attn_k.weight	14	2560	512	1	2	3331106432
3	blk.23.attn_k_norm.weight	0	256	1	1	1	3332181632
3	blk.23.attn_output.weight	13	6144	2560	1	2	3332182656
3	blk.23.attn_q.weight	13	2560	12288	1	2	3342996096
3	blk.23.attn_q_norm.weight	0	256	1	1	1	3364622976
3	blk.23.attn_v.weight	14	2560	512	1	2	3364624000
3	blk.23.ffn_down_exps.weight	20	640	2560	512	3	3365699200
3	blk.23.ffn_down_shexp.weight	8	640	2560	1	2	3837558400
3	blk.23.ffn_gate_exps.weight	17	2560	640	512	3	3839299200
3	blk.23.ffn_gate_inp.weight	0	2560	512	1	2	4081782400
3	blk.23.ffn_gate_inp_shexp.weight	0	2560	1	1	1	4087025280
3	blk.23.ffn_gate_shexp.weight	13	2560	640	1	2	4087035520
3	blk.23.ffn_up_exps.weight	17	2560	640	512	3	4088161920
3	blk.23.ffn_up_shexp.weight	13	2560	640	1	2	4330645120
3	blk.23.hc_attn_down.weight	8	10240	320	1	2	4331771520
3	blk.23.hc_attn_inject.weight	0	10240	4	1	2	4335253120
3	blk.23.hc_attn_norm.weight	0	10240	1	1	1	4335416960
3	blk.23.hc_attn_up.weight	8	320	10240	1	2	4335457920
3	blk.23.hc_ffn_down.weight	8	10240	320	1	2	4338939520
3	blk.23.hc_ffn_inject.weight	0	10240	4	1	2	4342421120
3	blk.23.hc_ffn_norm.weight	0	10240	1	1	1	4342584960
3	blk.23.hc_ffn_up.weight	8	320	10240	1	2	4342625920
3	blk.23.indexer.k_norm.weight	0	128	1	1	1	4346107520
3	blk.23.indexer.k_proj.weight	30	2560	128	1	2	4346108032
3	blk.23.indexer.q_norm.weight	0	128	1	1	1	4346763392
3	blk.23.indexer.q_proj.weight	30	2560	512	1	2	4346763904
3	blk.24.attn_gate.weight	13	2560	6144	1	2	4349385344
3	blk.24.attn_qkv.weight	13	2560	10240	1	2	4360198784
3	blk.24.ffn_down_exps.weight	20	640	2560	512	3	4378221184
3	blk.24.ffn_down_shexp.weight	8	640	2560	1	2	4850080384
3	blk.24.ffn_gate_exps.weight	17	2560	640	512	3	4851821184
3	blk.24.ffn_gate_inp.weight	0	2560	512	1	2	5094304384
3	blk.24.ffn_gate_inp_shexp.weight	0	2560	1	1	1	5099547264
3	blk.24.ffn_gate_shexp.weight	13	2560	640	1	2	5099557504
3	blk.24.ffn_up_exps.weight	17	2560	640	512	3	5100683904
3	blk.24.ffn_up_shexp.weight	13	2560	640	1	2	5343167104
3	blk.24.hc_attn_down.weight	8	10240	320	1	2	5344293504
3	blk.24.hc_attn_inject.weight	0	10240	4	1	2	5347775104
3	blk.24.hc_attn_norm.weight	0	10240	1	1	1	5347938944
3	blk.24.hc_attn_up.weight	8	320	10240	1	2	5347979904
3	blk.24.hc_ffn_down.weight	8	10240	320	1	2	5351461504
3	blk.24.hc_ffn_inject.weight	0	10240	4	1	2	5354943104
3	blk.24.hc_ffn_norm.weight	0	10240	1	1	1	5355106944
3	blk.24.hc_ffn_up.weight	8	320	10240	1	2	5355147904
3	blk.24.ssm_a	0	48	1	1	1	5358629504
3	blk.24.ssm_alpha.weight	0	2560	48	1	2	5358629696
3	blk.24.ssm_beta.weight	0	2560	48	1	2	5359121216
3	blk.24.ssm_conv1d.weight	0	4	10240	1	2	5359612736
3	blk.24.ssm_dt.bias	0	48	1	1	1	5359776576
3	blk.24.ssm_norm.weight	0	128	1	1	1	5359776768
3	blk.24.ssm_out.weight	14	6144	2560	1	2	5359777280
3	blk.25.attn_gate.weight	13	2560	6144	1	2	5372679680
3	blk.25.attn_qkv.weight	13	2560	10240	1	2	5383493120
3	blk.25.ffn_down_exps.weight	20	640	2560	512	3	5401515520
3	blk.25.ffn_down_shexp.weight	8	640	2560	1	2	5873374720
3	blk.25.ffn_gate_exps.weight	17	2560	640	512	3	5875115520
3	blk.25.ffn_gate_inp.weight	0	2560	512	1	2	6117598720
3	blk.25.ffn_gate_inp_shexp.weight	0	2560	1	1	1	6122841600
3	blk.25.ffn_gate_shexp.weight	13	2560	640	1	2	6122851840
3	blk.25.ffn_up_exps.weight	17	2560	640	512	3	6123978240
3	blk.25.ffn_up_shexp.weight	13	2560	640	1	2	6366461440
3	blk.25.hc_attn_down.weight	8	10240	320	1	2	6367587840
3	blk.25.hc_attn_inject.weight	0	10240	4	1	2	6371069440
3	blk.25.hc_attn_norm.weight	0	10240	1	1	1	6371233280
3	blk.25.hc_attn_up.weight	8	320	10240	1	2	6371274240
3	blk.25.hc_ffn_down.weight	8	10240	320	1	2	6374755840
3	blk.25.hc_ffn_inject.weight	0	10240	4	1	2	6378237440
3	blk.25.hc_ffn_norm.weight	0	10240	1	1	1	6378401280
3	blk.25.hc_ffn_up.weight	8	320	10240	1	2	6378442240
3	blk.25.ssm_a	0	48	1	1	1	6381923840
3	blk.25.ssm_alpha.weight	0	2560	48	1	2	6381924032
3	blk.25.ssm_beta.weight	0	2560	48	1	2	6382415552
3	blk.25.ssm_conv1d.weight	0	4	10240	1	2	6382907072
3	blk.25.ssm_dt.bias	0	48	1	1	1	6383070912
3	blk.25.ssm_norm.weight	0	128	1	1	1	6383071104
3	blk.25.ssm_out.weight	14	6144	2560	1	2	6383071616
3	blk.26.attn_gate.weight	13	2560	6144	1	2	6395974016
3	blk.26.attn_qkv.weight	13	2560	10240	1	2	6406787456
3	blk.26.ffn_down_exps.weight	20	640	2560	512	3	6424809856
3	blk.26.ffn_down_shexp.weight	8	640	2560	1	2	6896669056
3	blk.26.ffn_gate_exps.weight	17	2560	640	512	3	6898409856
3	blk.26.ffn_gate_inp.weight	0	2560	512	1	2	7140893056
3	blk.26.ffn_gate_inp_shexp.weight	0	2560	1	1	1	7146135936
3	blk.26.ffn_gate_shexp.weight	13	2560	640	1	2	7146146176
3	blk.26.ffn_up_exps.weight	17	2560	640	512	3	7147272576
3	blk.26.ffn_up_shexp.weight	13	2560	640	1	2	7389755776
3	blk.26.hc_attn_down.weight	8	10240	320	1	2	7390882176
3	blk.26.hc_attn_inject.weight	0	10240	4	1	2	7394363776
3	blk.26.hc_attn_norm.weight	0	10240	1	1	1	7394527616
3	blk.26.hc_attn_up.weight	8	320	10240	1	2	7394568576
3	blk.26.hc_ffn_down.weight	8	10240	320	1	2	7398050176
3	blk.26.hc_ffn_inject.weight	0	10240	4	1	2	7401531776
3	blk.26.hc_ffn_norm.weight	0	10240	1	1	1	7401695616
3	blk.26.hc_ffn_up.weight	8	320	10240	1	2	7401736576
3	blk.26.ssm_a	0	48	1	1	1	7405218176
3	blk.26.ssm_alpha.weight	0	2560	48	1	2	7405218368
3	blk.26.ssm_beta.weight	0	2560	48	1	2	7405709888
3	blk.26.ssm_conv1d.weight	0	4	10240	1	2	7406201408
3	blk.26.ssm_dt.bias	0	48	1	1	1	7406365248
3	blk.26.ssm_norm.weight	0	128	1	1	1	7406365440
3	blk.26.ssm_out.weight	14	6144	2560	1	2	7406365952
3	blk.27.attn_k.weight	14	2560	512	1	2	7419268352
3	blk.27.attn_k_norm.weight	0	256	1	1	1	7420343552
3	blk.27.attn_output.weight	13	6144	2560	1	2	7420344576
3	blk.27.attn_q.weight	13	2560	12288	1	2	7431158016
3	blk.27.attn_q_norm.weight	0	256	1	1	1	7452784896
3	blk.27.attn_v.weight	14	2560	512	1	2	7452785920
3	blk.27.ffn_down_exps.weight	20	640	2560	512	3	7453861120
3	blk.27.ffn_down_shexp.weight	8	640	2560	1	2	7925720320
3	blk.27.ffn_gate_exps.weight	17	2560	640	512	3	7927461120
3	blk.27.ffn_gate_inp.weight	0	2560	512	1	2	8169944320
3	blk.27.ffn_gate_inp_shexp.weight	0	2560	1	1	1	8175187200
3	blk.27.ffn_gate_shexp.weight	13	2560	640	1	2	8175197440
3	blk.27.ffn_up_exps.weight	17	2560	640	512	3	8176323840
3	blk.27.ffn_up_shexp.weight	13	2560	640	1	2	8418807040
3	blk.27.hc_attn_down.weight	8	10240	320	1	2	8419933440
3	blk.27.hc_attn_inject.weight	0	10240	4	1	2	8423415040
3	blk.27.hc_attn_norm.weight	0	10240	1	1	1	8423578880
3	blk.27.hc_attn_up.weight	8	320	10240	1	2	8423619840
3	blk.27.hc_ffn_down.weight	8	10240	320	1	2	8427101440
3	blk.27.hc_ffn_inject.weight	0	10240	4	1	2	8430583040
3	blk.27.hc_ffn_norm.weight	0	10240	1	1	1	8430746880
3	blk.27.hc_ffn_up.weight	8	320	10240	1	2	8430787840
3	blk.27.indexer.k_norm.weight	0	128	1	1	1	8434269440
3	blk.27.indexer.k_proj.weight	30	2560	128	1	2	8434269952
3	blk.27.indexer.q_norm.weight	0	128	1	1	1	8434925312
3	blk.27.indexer.q_proj.weight	30	2560	512	1	2	8434925824
3	blk.28.attn_gate.weight	13	2560	6144	1	2	8437547264
3	blk.28.attn_qkv.weight	13	2560	10240	1	2	8448360704
3	blk.28.ffn_down_exps.weight	20	640	2560	512	3	8466383104
3	blk.28.ffn_down_shexp.weight	8	640	2560	1	2	8938242304
3	blk.28.ffn_gate_exps.weight	17	2560	640	512	3	8939983104
3	blk.28.ffn_gate_inp.weight	0	2560	512	1	2	9182466304
3	blk.28.ffn_gate_inp_shexp.weight	0	2560	1	1	1	9187709184
3	blk.28.ffn_gate_shexp.weight	13	2560	640	1	2	9187719424
3	blk.28.ffn_up_exps.weight	17	2560	640	512	3	9188845824
3	blk.28.ffn_up_shexp.weight	13	2560	640	1	2	9431329024
3	blk.28.hc_attn_down.weight	8	10240	320	1	2	9432455424
3	blk.28.hc_attn_inject.weight	0	10240	4	1	2	9435937024
3	blk.28.hc_attn_norm.weight	0	10240	1	1	1	9436100864
3	blk.28.hc_attn_up.weight	8	320	10240	1	2	9436141824
3	blk.28.hc_ffn_down.weight	8	10240	320	1	2	9439623424
3	blk.28.hc_ffn_inject.weight	0	10240	4	1	2	9443105024
3	blk.28.hc_ffn_norm.weight	0	10240	1	1	1	9443268864
3	blk.28.hc_ffn_up.weight	8	320	10240	1	2	9443309824
3	blk.28.ssm_a	0	48	1	1	1	9446791424
3	blk.28.ssm_alpha.weight	0	2560	48	1	2	9446791616
3	blk.28.ssm_beta.weight	0	2560	48	1	2	9447283136
3	blk.28.ssm_conv1d.weight	0	4	10240	1	2	9447774656
3	blk.28.ssm_dt.bias	0	48	1	1	1	9447938496
3	blk.28.ssm_norm.weight	0	128	1	1	1	9447938688
3	blk.28.ssm_out.weight	14	6144	2560	1	2	9447939200
3	blk.29.attn_gate.weight	13	2560	6144	1	2	9460841600
3	blk.29.attn_qkv.weight	13	2560	10240	1	2	9471655040
3	blk.29.ffn_down_exps.weight	20	640	2560	512	3	9489677440
3	blk.29.ffn_down_shexp.weight	8	640	2560	1	2	9961536640
3	blk.29.ffn_gate_exps.weight	17	2560	640	512	3	9963277440
3	blk.29.ffn_gate_inp.weight	0	2560	512	1	2	10205760640
3	blk.29.ffn_gate_inp_shexp.weight	0	2560	1	1	1	10211003520
3	blk.29.ffn_gate_shexp.weight	13	2560	640	1	2	10211013760
3	blk.29.ffn_up_exps.weight	17	2560	640	512	3	10212140160
3	blk.29.ffn_up_shexp.weight	13	2560	640	1	2	10454623360
3	blk.29.hc_attn_down.weight	8	10240	320	1	2	10455749760
3	blk.29.hc_attn_inject.weight	0	10240	4	1	2	10459231360
3	blk.29.hc_attn_norm.weight	0	10240	1	1	1	10459395200
3	blk.29.hc_attn_up.weight	8	320	10240	1	2	10459436160
3	blk.29.hc_ffn_down.weight	8	10240	320	1	2	10462917760
3	blk.29.hc_ffn_inject.weight	0	10240	4	1	2	10466399360
3	blk.29.hc_ffn_norm.weight	0	10240	1	1	1	10466563200
3	blk.29.hc_ffn_up.weight	8	320	10240	1	2	10466604160
3	blk.29.ssm_a	0	48	1	1	1	10470085760
3	blk.29.ssm_alpha.weight	0	2560	48	1	2	10470085952
3	blk.29.ssm_beta.weight	0	2560	48	1	2	10470577472
3	blk.29.ssm_conv1d.weight	0	4	10240	1	2	10471068992
3	blk.29.ssm_dt.bias	0	48	1	1	1	10471232832
3	blk.29.ssm_norm.weight	0	128	1	1	1	10471233024
3	blk.29.ssm_out.weight	14	6144	2560	1	2	10471233536
3	blk.30.attn_gate.weight	13	2560	6144	1	2	10484135936
3	blk.30.attn_qkv.weight	13	2560	10240	1	2	10494949376
3	blk.30.ffn_down_exps.weight	20	640	2560	512	3	10512971776
3	blk.30.ffn_down_shexp.weight	8	640	2560	1	2	10984830976
3	blk.30.ffn_gate_exps.weight	17	2560	640	512	3	10986571776
3	blk.30.ffn_gate_inp.weight	0	2560	512	1	2	11229054976
3	blk.30.ffn_gate_inp_shexp.weight	0	2560	1	1	1	11234297856
3	blk.30.ffn_gate_shexp.weight	13	2560	640	1	2	11234308096
3	blk.30.ffn_up_exps.weight	17	2560	640	512	3	11235434496
3	blk.30.ffn_up_shexp.weight	13	2560	640	1	2	11477917696
3	blk.30.hc_attn_down.weight	8	10240	320	1	2	11479044096
3	blk.30.hc_attn_inject.weight	0	10240	4	1	2	11482525696
3	blk.30.hc_attn_norm.weight	0	10240	1	1	1	11482689536
3	blk.30.hc_attn_up.weight	8	320	10240	1	2	11482730496
3	blk.30.hc_ffn_down.weight	8	10240	320	1	2	11486212096
3	blk.30.hc_ffn_inject.weight	0	10240	4	1	2	11489693696
3	blk.30.hc_ffn_norm.weight	0	10240	1	1	1	11489857536
3	blk.30.hc_ffn_up.weight	8	320	10240	1	2	11489898496
3	blk.30.ssm_a	0	48	1	1	1	11493380096
3	blk.30.ssm_alpha.weight	0	2560	48	1	2	11493380288
3	blk.30.ssm_beta.weight	0	2560	48	1	2	11493871808
3	blk.30.ssm_conv1d.weight	0	4	10240	1	2	11494363328
3	blk.30.ssm_dt.bias	0	48	1	1	1	11494527168
3	blk.30.ssm_norm.weight	0	128	1	1	1	11494527360
3	blk.30.ssm_out.weight	14	6144	2560	1	2	11494527872
3	blk.31.attn_k.weight	14	2560	512	1	2	11507430272
3	blk.31.attn_k_norm.weight	0	256	1	1	1	11508505472
3	blk.31.attn_output.weight	13	6144	2560	1	2	11508506496
3	blk.31.attn_q.weight	13	2560	12288	1	2	11519319936
3	blk.31.attn_q_norm.weight	0	256	1	1	1	11540946816
3	blk.31.attn_v.weight	14	2560	512	1	2	11540947840
3	blk.31.ffn_down_exps.weight	20	640	2560	512	3	11542023040
3	blk.31.ffn_down_shexp.weight	8	640	2560	1	2	12013882240
3	blk.31.ffn_gate_exps.weight	17	2560	640	512	3	12015623040
3	blk.31.ffn_gate_inp.weight	0	2560	512	1	2	12258106240
3	blk.31.ffn_gate_inp_shexp.weight	0	2560	1	1	1	12263349120
3	blk.31.ffn_gate_shexp.weight	13	2560	640	1	2	12263359360
3	blk.31.ffn_up_exps.weight	17	2560	640	512	3	12264485760
3	blk.31.ffn_up_shexp.weight	13	2560	640	1	2	12506968960
3	blk.31.hc_attn_down.weight	8	10240	320	1	2	12508095360
3	blk.31.hc_attn_inject.weight	0	10240	4	1	2	12511576960
3	blk.31.hc_attn_norm.weight	0	10240	1	1	1	12511740800
3	blk.31.hc_attn_up.weight	8	320	10240	1	2	12511781760
3	blk.31.hc_ffn_down.weight	8	10240	320	1	2	12515263360
3	blk.31.hc_ffn_inject.weight	0	10240	4	1	2	12518744960
3	blk.31.hc_ffn_norm.weight	0	10240	1	1	1	12518908800
3	blk.31.hc_ffn_up.weight	8	320	10240	1	2	12518949760
3	blk.31.indexer.k_norm.weight	0	128	1	1	1	12522431360
3	blk.31.indexer.k_proj.weight	30	2560	128	1	2	12522431872
3	blk.31.indexer.q_norm.weight	0	128	1	1	1	12523087232
3	blk.31.indexer.q_proj.weight	30	2560	512	1	2	12523087744
3	blk.32.attn_gate.weight	13	2560	6144	1	2	12525709184
3	blk.32.attn_qkv.weight	13	2560	10240	1	2	12536522624
3	blk.32.ffn_down_exps.weight	20	640	2560	512	3	12554545024
3	blk.32.ffn_down_shexp.weight	8	640	2560	1	2	13026404224
3	blk.32.ffn_gate_exps.weight	17	2560	640	512	3	13028145024
3	blk.32.ffn_gate_inp.weight	0	2560	512	1	2	13270628224
3	blk.32.ffn_gate_inp_shexp.weight	0	2560	1	1	1	13275871104
3	blk.32.ffn_gate_shexp.weight	13	2560	640	1	2	13275881344
3	blk.32.ffn_up_exps.weight	17	2560	640	512	3	13277007744
3	blk.32.ffn_up_shexp.weight	13	2560	640	1	2	13519490944
3	blk.32.hc_attn_down.weight	8	10240	320	1	2	13520617344
3	blk.32.hc_attn_inject.weight	0	10240	4	1	2	13524098944
3	blk.32.hc_attn_norm.weight	0	10240	1	1	1	13524262784
3	blk.32.hc_attn_up.weight	8	320	10240	1	2	13524303744
3	blk.32.hc_ffn_down.weight	8	10240	320	1	2	13527785344
3	blk.32.hc_ffn_inject.weight	0	10240	4	1	2	13531266944
3	blk.32.hc_ffn_norm.weight	0	10240	1	1	1	13531430784
3	blk.32.hc_ffn_up.weight	8	320	10240	1	2	13531471744
3	blk.32.ssm_a	0	48	1	1	1	13534953344
3	blk.32.ssm_alpha.weight	0	2560	48	1	2	13534953536
3	blk.32.ssm_beta.weight	0	2560	48	1	2	13535445056
3	blk.32.ssm_conv1d.weight	0	4	10240	1	2	13535936576
3	blk.32.ssm_dt.bias	0	48	1	1	1	13536100416
3	blk.32.ssm_norm.weight	0	128	1	1	1	13536100608
3	blk.32.ssm_out.weight	14	6144	2560	1	2	13536101120
3	blk.33.attn_gate.weight	13	2560	6144	1	2	13549003520
3	blk.33.attn_qkv.weight	13	2560	10240	1	2	13559816960
3	blk.33.ffn_down_exps.weight	20	640	2560	512	3	13577839360
3	blk.33.ffn_down_shexp.weight	8	640	2560	1	2	14049698560
3	blk.33.ffn_gate_exps.weight	17	2560	640	512	3	14051439360
3	blk.33.ffn_gate_inp.weight	0	2560	512	1	2	14293922560
3	blk.33.ffn_gate_inp_shexp.weight	0	2560	1	1	1	14299165440
3	blk.33.ffn_gate_shexp.weight	13	2560	640	1	2	14299175680
3	blk.33.ffn_up_exps.weight	17	2560	640	512	3	14300302080
3	blk.33.ffn_up_shexp.weight	13	2560	640	1	2	14542785280
3	blk.33.hc_attn_down.weight	8	10240	320	1	2	14543911680
3	blk.33.hc_attn_inject.weight	0	10240	4	1	2	14547393280
3	blk.33.hc_attn_norm.weight	0	10240	1	1	1	14547557120
3	blk.33.hc_attn_up.weight	8	320	10240	1	2	14547598080
3	blk.33.hc_ffn_down.weight	8	10240	320	1	2	14551079680
3	blk.33.hc_ffn_inject.weight	0	10240	4	1	2	14554561280
3	blk.33.hc_ffn_norm.weight	0	10240	1	1	1	14554725120
3	blk.33.hc_ffn_up.weight	8	320	10240	1	2	14554766080
3	blk.33.ssm_a	0	48	1	1	1	14558247680
3	blk.33.ssm_alpha.weight	0	2560	48	1	2	14558247872
3	blk.33.ssm_beta.weight	0	2560	48	1	2	14558739392
3	blk.33.ssm_conv1d.weight	0	4	10240	1	2	14559230912
3	blk.33.ssm_dt.bias	0	48	1	1	1	14559394752
3	blk.33.ssm_norm.weight	0	128	1	1	1	14559394944
3	blk.33.ssm_out.weight	14	6144	2560	1	2	14559395456
3	blk.34.attn_gate.weight	13	2560	6144	1	2	14572297856
3	blk.34.attn_qkv.weight	13	2560	10240	1	2	14583111296
3	blk.34.ffn_down_exps.weight	20	640	2560	512	3	14601133696
3	blk.34.ffn_down_shexp.weight	8	640	2560	1	2	15072992896
3	blk.34.ffn_gate_exps.weight	17	2560	640	512	3	15074733696
3	blk.34.ffn_gate_inp.weight	0	2560	512	1	2	15317216896
3	blk.34.ffn_gate_inp_shexp.weight	0	2560	1	1	1	15322459776
3	blk.34.ffn_gate_shexp.weight	13	2560	640	1	2	15322470016
3	blk.34.ffn_up_exps.weight	17	2560	640	512	3	15323596416
3	blk.34.ffn_up_shexp.weight	13	2560	640	1	2	15566079616
3	blk.34.hc_attn_down.weight	8	10240	320	1	2	15567206016
3	blk.34.hc_attn_inject.weight	0	10240	4	1	2	15570687616
3	blk.34.hc_attn_norm.weight	0	10240	1	1	1	15570851456
3	blk.34.hc_attn_up.weight	8	320	10240	1	2	15570892416
3	blk.34.hc_ffn_down.weight	8	10240	320	1	2	15574374016
3	blk.34.hc_ffn_inject.weight	0	10240	4	1	2	15577855616
3	blk.34.hc_ffn_norm.weight	0	10240	1	1	1	15578019456
3	blk.34.hc_ffn_up.weight	8	320	10240	1	2	15578060416
3	blk.34.ssm_a	0	48	1	1	1	15581542016
3	blk.34.ssm_alpha.weight	0	2560	48	1	2	15581542208
3	blk.34.ssm_beta.weight	0	2560	48	1	2	15582033728
3	blk.34.ssm_conv1d.weight	0	4	10240	1	2	15582525248
3	blk.34.ssm_dt.bias	0	48	1	1	1	15582689088
3	blk.34.ssm_norm.weight	0	128	1	1	1	15582689280
3	blk.34.ssm_out.weight	14	6144	2560	1	2	15582689792
3	blk.35.attn_k.weight	14	2560	512	1	2	15595592192
3	blk.35.attn_k_norm.weight	0	256	1	1	1	15596667392
3	blk.35.attn_output.weight	13	6144	2560	1	2	15596668416
3	blk.35.attn_q.weight	13	2560	12288	1	2	15607481856
3	blk.35.attn_q_norm.weight	0	256	1	1	1	15629108736
3	blk.35.attn_v.weight	14	2560	512	1	2	15629109760
3	blk.35.ffn_down_exps.weight	20	640	2560	512	3	15630184960
3	blk.35.ffn_down_shexp.weight	8	640	2560	1	2	16102044160
3	blk.35.ffn_gate_exps.weight	17	2560	640	512	3	16103784960
3	blk.35.ffn_gate_inp.weight	0	2560	512	1	2	16346268160
3	blk.35.ffn_gate_inp_shexp.weight	0	2560	1	1	1	16351511040
3	blk.35.ffn_gate_shexp.weight	13	2560	640	1	2	16351521280
3	blk.35.ffn_up_exps.weight	17	2560	640	512	3	16352647680
3	blk.35.ffn_up_shexp.weight	13	2560	640	1	2	16595130880
3	blk.35.hc_attn_down.weight	8	10240	320	1	2	16596257280
3	blk.35.hc_attn_inject.weight	0	10240	4	1	2	16599738880
3	blk.35.hc_attn_norm.weight	0	10240	1	1	1	16599902720
3	blk.35.hc_attn_up.weight	8	320	10240	1	2	16599943680
3	blk.35.hc_ffn_down.weight	8	10240	320	1	2	16603425280
3	blk.35.hc_ffn_inject.weight	0	10240	4	1	2	16606906880
3	blk.35.hc_ffn_norm.weight	0	10240	1	1	1	16607070720
3	blk.35.hc_ffn_up.weight	8	320	10240	1	2	16607111680
3	blk.35.indexer.k_norm.weight	0	128	1	1	1	16610593280
3	blk.35.indexer.k_proj.weight	30	2560	128	1	2	16610593792
3	blk.35.indexer.q_norm.weight	0	128	1	1	1	16611249152
3	blk.35.indexer.q_proj.weight	30	2560	512	1	2	16611249664
3	blk.36.attn_gate.weight	13	2560	6144	1	2	16613871104
3	blk.36.attn_qkv.weight	13	2560	10240	1	2	16624684544
3	blk.36.ffn_down_exps.weight	20	640	2560	512	3	16642706944
3	blk.36.ffn_down_shexp.weight	8	640	2560	1	2	17114566144
3	blk.36.ffn_gate_exps.weight	17	2560	640	512	3	17116306944
3	blk.36.ffn_gate_inp.weight	0	2560	512	1	2	17358790144
3	blk.36.ffn_gate_inp_shexp.weight	0	2560	1	1	1	17364033024
3	blk.36.ffn_gate_shexp.weight	13	2560	640	1	2	17364043264
3	blk.36.ffn_up_exps.weight	17	2560	640	512	3	17365169664
3	blk.36.ffn_up_shexp.weight	13	2560	640	1	2	17607652864
3	blk.36.hc_attn_down.weight	8	10240	320	1	2	17608779264
3	blk.36.hc_attn_inject.weight	0	10240	4	1	2	17612260864
3	blk.36.hc_attn_norm.weight	0	10240	1	1	1	17612424704
3	blk.36.hc_attn_up.weight	8	320	10240	1	2	17612465664
3	blk.36.hc_ffn_down.weight	8	10240	320	1	2	17615947264
3	blk.36.hc_ffn_inject.weight	0	10240	4	1	2	17619428864
3	blk.36.hc_ffn_norm.weight	0	10240	1	1	1	17619592704
3	blk.36.hc_ffn_up.weight	8	320	10240	1	2	17619633664
3	blk.36.ssm_a	0	48	1	1	1	17623115264
3	blk.36.ssm_alpha.weight	0	2560	48	1	2	17623115456
3	blk.36.ssm_beta.weight	0	2560	48	1	2	17623606976
3	blk.36.ssm_conv1d.weight	0	4	10240	1	2	17624098496
3	blk.36.ssm_dt.bias	0	48	1	1	1	17624262336
3	blk.36.ssm_norm.weight	0	128	1	1	1	17624262528
3	blk.36.ssm_out.weight	14	6144	2560	1	2	17624263040
3	blk.37.attn_gate.weight	13	2560	6144	1	2	17637165440
3	blk.37.attn_qkv.weight	13	2560	10240	1	2	17647978880
3	blk.37.ffn_down_exps.weight	20	640	2560	512	3	17666001280
3	blk.37.ffn_down_shexp.weight	8	640	2560	1	2	18137860480
3	blk.37.ffn_gate_exps.weight	17	2560	640	512	3	18139601280
3	blk.37.ffn_gate_inp.weight	0	2560	512	1	2	18382084480
3	blk.37.ffn_gate_inp_shexp.weight	0	2560	1	1	1	18387327360
3	blk.37.ffn_gate_shexp.weight	13	2560	640	1	2	18387337600
3	blk.37.ffn_up_exps.weight	17	2560	640	512	3	18388464000
3	blk.37.ffn_up_shexp.weight	13	2560	640	1	2	18630947200
3	blk.37.hc_attn_down.weight	8	10240	320	1	2	18632073600
3	blk.37.hc_attn_inject.weight	0	10240	4	1	2	18635555200
3	blk.37.hc_attn_norm.weight	0	10240	1	1	1	18635719040
3	blk.37.hc_attn_up.weight	8	320	10240	1	2	18635760000
3	blk.37.hc_ffn_down.weight	8	10240	320	1	2	18639241600
3	blk.37.hc_ffn_inject.weight	0	10240	4	1	2	18642723200
3	blk.37.hc_ffn_norm.weight	0	10240	1	1	1	18642887040
3	blk.37.hc_ffn_up.weight	8	320	10240	1	2	18642928000
3	blk.37.ssm_a	0	48	1	1	1	18646409600
3	blk.37.ssm_alpha.weight	0	2560	48	1	2	18646409792
3	blk.37.ssm_beta.weight	0	2560	48	1	2	18646901312
3	blk.37.ssm_conv1d.weight	0	4	10240	1	2	18647392832
3	blk.37.ssm_dt.bias	0	48	1	1	1	18647556672
3	blk.37.ssm_norm.weight	0	128	1	1	1	18647556864
3	blk.37.ssm_out.weight	14	6144	2560	1	2	18647557376
3	blk.38.attn_gate.weight	13	2560	6144	1	2	18660459776
3	blk.38.attn_qkv.weight	13	2560	10240	1	2	18671273216
3	blk.38.ffn_down_exps.weight	20	640	2560	512	3	18689295616
3	blk.38.ffn_down_shexp.weight	8	640	2560	1	2	19161154816
3	blk.38.ffn_gate_exps.weight	17	2560	640	512	3	19162895616
3	blk.38.ffn_gate_inp.weight	0	2560	512	1	2	19405378816
3	blk.38.ffn_gate_inp_shexp.weight	0	2560	1	1	1	19410621696
3	blk.38.ffn_gate_shexp.weight	13	2560	640	1	2	19410631936
3	blk.38.ffn_up_exps.weight	17	2560	640	512	3	19411758336
3	blk.38.ffn_up_shexp.weight	13	2560	640	1	2	19654241536
3	blk.38.hc_attn_down.weight	8	10240	320	1	2	19655367936
3	blk.38.hc_attn_inject.weight	0	10240	4	1	2	19658849536
3	blk.38.hc_attn_norm.weight	0	10240	1	1	1	19659013376
3	blk.38.hc_attn_up.weight	8	320	10240	1	2	19659054336
3	blk.38.hc_ffn_down.weight	8	10240	320	1	2	19662535936
3	blk.38.hc_ffn_inject.weight	0	10240	4	1	2	19666017536
3	blk.38.hc_ffn_norm.weight	0	10240	1	1	1	19666181376
3	blk.38.hc_ffn_up.weight	8	320	10240	1	2	19666222336
3	blk.38.ssm_a	0	48	1	1	1	19669703936
3	blk.38.ssm_alpha.weight	0	2560	48	1	2	19669704128
3	blk.38.ssm_beta.weight	0	2560	48	1	2	19670195648
3	blk.38.ssm_conv1d.weight	0	4	10240	1	2	19670687168
3	blk.38.ssm_dt.bias	0	48	1	1	1	19670851008
3	blk.38.ssm_norm.weight	0	128	1	1	1	19670851200
3	blk.38.ssm_out.weight	14	6144	2560	1	2	19670851712
3	blk.39.attn_k.weight	14	2560	512	1	2	19683754112
3	blk.39.attn_k_norm.weight	0	256	1	1	1	19684829312
3	blk.39.attn_output.weight	13	6144	2560	1	2	19684830336
3	blk.39.attn_q.weight	13	2560	12288	1	2	19695643776
3	blk.39.attn_q_norm.weight	0	256	1	1	1	19717270656
3	blk.39.attn_v.weight	14	2560	512	1	2	19717271680
3	blk.39.ffn_down_exps.weight	20	640	2560	512	3	19718346880
3	blk.39.ffn_down_shexp.weight	8	640	2560	1	2	20190206080
3	blk.39.ffn_gate_exps.weight	17	2560	640	512	3	20191946880
3	blk.39.ffn_gate_inp.weight	0	2560	512	1	2	20434430080
3	blk.39.ffn_gate_inp_shexp.weight	0	2560	1	1	1	20439672960
3	blk.39.ffn_gate_shexp.weight	13	2560	640	1	2	20439683200
3	blk.39.ffn_up_exps.weight	17	2560	640	512	3	20440809600
3	blk.39.ffn_up_shexp.weight	13	2560	640	1	2	20683292800
3	blk.39.hc_attn_down.weight	8	10240	320	1	2	20684419200
3	blk.39.hc_attn_inject.weight	0	10240	4	1	2	20687900800
3	blk.39.hc_attn_norm.weight	0	10240	1	1	1	20688064640
3	blk.39.hc_attn_up.weight	8	320	10240	1	2	20688105600
3	blk.39.hc_ffn_down.weight	8	10240	320	1	2	20691587200
3	blk.39.hc_ffn_inject.weight	0	10240	4	1	2	20695068800
3	blk.39.hc_ffn_norm.weight	0	10240	1	1	1	20695232640
3	blk.39.hc_ffn_up.weight	8	320	10240	1	2	20695273600
3	blk.39.indexer.k_norm.weight	0	128	1	1	1	20698755200
3	blk.39.indexer.k_proj.weight	30	2560	128	1	2	20698755712
3	blk.39.indexer.q_norm.weight	0	128	1	1	1	20699411072
3	blk.39.indexer.q_proj.weight	30	2560	512	1	2	20699411584
3	blk.40.attn_gate.weight	13	2560	6144	1	2	20702033024
3	blk.40.attn_qkv.weight	13	2560	10240	1	2	20712846464
3	blk.40.ffn_down_exps.weight	20	640	2560	512	3	20730868864
3	blk.40.ffn_down_shexp.weight	8	640	2560	1	2	21202728064
3	blk.40.ffn_gate_exps.weight	17	2560	640	512	3	21204468864
3	blk.40.ffn_gate_inp.weight	0	2560	512	1	2	21446952064
3	blk.40.ffn_gate_inp_shexp.weight	0	2560	1	1	1	21452194944
3	blk.40.ffn_gate_shexp.weight	13	2560	640	1	2	21452205184
3	blk.40.ffn_up_exps.weight	17	2560	640	512	3	21453331584
3	blk.40.ffn_up_shexp.weight	13	2560	640	1	2	21695814784
3	blk.40.hc_attn_down.weight	8	10240	320	1	2	21696941184
3	blk.40.hc_attn_inject.weight	0	10240	4	1	2	21700422784
3	blk.40.hc_attn_norm.weight	0	10240	1	1	1	21700586624
3	blk.40.hc_attn_up.weight	8	320	10240	1	2	21700627584
3	blk.40.hc_ffn_down.weight	8	10240	320	1	2	21704109184
3	blk.40.hc_ffn_inject.weight	0	10240	4	1	2	21707590784
3	blk.40.hc_ffn_norm.weight	0	10240	1	1	1	21707754624
3	blk.40.hc_ffn_up.weight	8	320	10240	1	2	21707795584
3	blk.40.ssm_a	0	48	1	1	1	21711277184
3	blk.40.ssm_alpha.weight	0	2560	48	1	2	21711277376
3	blk.40.ssm_beta.weight	0	2560	48	1	2	21711768896
3	blk.40.ssm_conv1d.weight	0	4	10240	1	2	21712260416
3	blk.40.ssm_dt.bias	0	48	1	1	1	21712424256
3	blk.40.ssm_norm.weight	0	128	1	1	1	21712424448
3	blk.40.ssm_out.weight	14	6144	2560	1	2	21712424960
3	blk.41.attn_gate.weight	13	2560	6144	1	2	21725327360
3	blk.41.attn_qkv.weight	13	2560	10240	1	2	21736140800
3	blk.41.ffn_down_exps.weight	20	640	2560	512	3	21754163200
3	blk.41.ffn_down_shexp.weight	8	640	2560	1	2	22226022400
3	blk.41.ffn_gate_exps.weight	17	2560	640	512	3	22227763200
3	blk.41.ffn_gate_inp.weight	0	2560	512	1	2	22470246400
3	blk.41.ffn_gate_inp_shexp.weight	0	2560	1	1	1	22475489280
3	blk.41.ffn_gate_shexp.weight	13	2560	640	1	2	22475499520
3	blk.41.ffn_up_exps.weight	17	2560	640	512	3	22476625920
3	blk.41.ffn_up_shexp.weight	13	2560	640	1	2	22719109120
3	blk.41.hc_attn_down.weight	8	10240	320	1	2	22720235520
3	blk.41.hc_attn_inject.weight	0	10240	4	1	2	22723717120
3	blk.41.hc_attn_norm.weight	0	10240	1	1	1	22723880960
3	blk.41.hc_attn_up.weight	8	320	10240	1	2	22723921920
3	blk.41.hc_ffn_down.weight	8	10240	320	1	2	22727403520
3	blk.41.hc_ffn_inject.weight	0	10240	4	1	2	22730885120
3	blk.41.hc_ffn_norm.weight	0	10240	1	1	1	22731048960
3	blk.41.hc_ffn_up.weight	8	320	10240	1	2	22731089920
3	blk.41.ssm_a	0	48	1	1	1	22734571520
3	blk.41.ssm_alpha.weight	0	2560	48	1	2	22734571712
3	blk.41.ssm_beta.weight	0	2560	48	1	2	22735063232
3	blk.41.ssm_conv1d.weight	0	4	10240	1	2	22735554752
3	blk.41.ssm_dt.bias	0	48	1	1	1	22735718592
3	blk.41.ssm_norm.weight	0	128	1	1	1	22735718784
3	blk.41.ssm_out.weight	14	6144	2560	1	2	22735719296
3	blk.42.attn_gate.weight	13	2560	6144	1	2	22748621696
3	blk.42.attn_qkv.weight	13	2560	10240	1	2	22759435136
3	blk.42.ffn_down_exps.weight	20	640	2560	512	3	22777457536
3	blk.42.ffn_down_shexp.weight	8	640	2560	1	2	23249316736
3	blk.42.ffn_gate_exps.weight	17	2560	640	512	3	23251057536
3	blk.42.ffn_gate_inp.weight	0	2560	512	1	2	23493540736
3	blk.42.ffn_gate_inp_shexp.weight	0	2560	1	1	1	23498783616
3	blk.42.ffn_gate_shexp.weight	13	2560	640	1	2	23498793856
3	blk.42.ffn_up_exps.weight	17	2560	640	512	3	23499920256
3	blk.42.ffn_up_shexp.weight	13	2560	640	1	2	23742403456
3	blk.42.hc_attn_down.weight	8	10240	320	1	2	23743529856
3	blk.42.hc_attn_inject.weight	0	10240	4	1	2	23747011456
3	blk.42.hc_attn_norm.weight	0	10240	1	1	1	23747175296
3	blk.42.hc_attn_up.weight	8	320	10240	1	2	23747216256
3	blk.42.hc_ffn_down.weight	8	10240	320	1	2	23750697856
3	blk.42.hc_ffn_inject.weight	0	10240	4	1	2	23754179456
3	blk.42.hc_ffn_norm.weight	0	10240	1	1	1	23754343296
3	blk.42.hc_ffn_up.weight	8	320	10240	1	2	23754384256
3	blk.42.ssm_a	0	48	1	1	1	23757865856
3	blk.42.ssm_alpha.weight	0	2560	48	1	2	23757866048
3	blk.42.ssm_beta.weight	0	2560	48	1	2	23758357568
3	blk.42.ssm_conv1d.weight	0	4	10240	1	2	23758849088
3	blk.42.ssm_dt.bias	0	48	1	1	1	23759012928
3	blk.42.ssm_norm.weight	0	128	1	1	1	23759013120
3	blk.42.ssm_out.weight	14	6144	2560	1	2	23759013632
3	blk.43.attn_k.weight	14	2560	512	1	2	23771916032
3	blk.43.attn_k_norm.weight	0	256	1	1	1	23772991232
3	blk.43.attn_output.weight	13	6144	2560	1	2	23772992256
3	blk.43.attn_q.weight	13	2560	12288	1	2	23783805696
3	blk.43.attn_q_norm.weight	0	256	1	1	1	23805432576
3	blk.43.attn_v.weight	14	2560	512	1	2	23805433600
3	blk.43.ffn_down_exps.weight	20	640	2560	512	3	23806508800
3	blk.43.ffn_down_shexp.weight	8	640	2560	1	2	24278368000
3	blk.43.ffn_gate_exps.weight	17	2560	640	512	3	24280108800
3	blk.43.ffn_gate_inp.weight	0	2560	512	1	2	24522592000
3	blk.43.ffn_gate_inp_shexp.weight	0	2560	1	1	1	24527834880
3	blk.43.ffn_gate_shexp.weight	13	2560	640	1	2	24527845120
3	blk.43.ffn_up_exps.weight	17	2560	640	512	3	24528971520
3	blk.43.ffn_up_shexp.weight	13	2560	640	1	2	24771454720
3	blk.43.hc_attn_down.weight	8	10240	320	1	2	24772581120
3	blk.43.hc_attn_inject.weight	0	10240	4	1	2	24776062720
3	blk.43.hc_attn_norm.weight	0	10240	1	1	1	24776226560
3	blk.43.hc_attn_up.weight	8	320	10240	1	2	24776267520
3	blk.43.hc_ffn_down.weight	8	10240	320	1	2	24779749120
3	blk.43.hc_ffn_inject.weight	0	10240	4	1	2	24783230720
3	blk.43.hc_ffn_norm.weight	0	10240	1	1	1	24783394560
3	blk.43.hc_ffn_up.weight	8	320	10240	1	2	24783435520
3	blk.43.indexer.k_norm.weight	0	128	1	1	1	24786917120
3	blk.43.indexer.k_proj.weight	30	2560	128	1	2	24786917632
3	blk.43.indexer.q_norm.weight	0	128	1	1	1	24787572992
3	blk.43.indexer.q_proj.weight	30	2560	512	1	2	24787573504
3	blk.44.attn_gate.weight	13	2560	6144	1	2	24790194944
3	blk.44.attn_qkv.weight	13	2560	10240	1	2	24801008384
3	blk.44.ffn_down_exps.weight	20	640	2560	512	3	24819030784
3	blk.44.ffn_down_shexp.weight	8	640	2560	1	2	25290889984
3	blk.44.ffn_gate_exps.weight	17	2560	640	512	3	25292630784
3	blk.44.ffn_gate_inp.weight	0	2560	512	1	2	25535113984
3	blk.44.ffn_gate_inp_shexp.weight	0	2560	1	1	1	25540356864
3	blk.44.ffn_gate_shexp.weight	13	2560	640	1	2	25540367104
3	blk.44.ffn_up_exps.weight	17	2560	640	512	3	25541493504
3	blk.44.ffn_up_shexp.weight	13	2560	640	1	2	25783976704
3	blk.44.hc_attn_down.weight	8	10240	320	1	2	25785103104
3	blk.44.hc_attn_inject.weight	0	10240	4	1	2	25788584704
3	blk.44.hc_attn_norm.weight	0	10240	1	1	1	25788748544
3	blk.44.hc_attn_up.weight	8	320	10240	1	2	25788789504
3	blk.44.hc_ffn_down.weight	8	10240	320	1	2	25792271104
3	blk.44.hc_ffn_inject.weight	0	10240	4	1	2	25795752704
3	blk.44.hc_ffn_norm.weight	0	10240	1	1	1	25795916544
3	blk.44.hc_ffn_up.weight	8	320	10240	1	2	25795957504
3	blk.44.ssm_a	0	48	1	1	1	25799439104
3	blk.44.ssm_alpha.weight	0	2560	48	1	2	25799439296
3	blk.44.ssm_beta.weight	0	2560	48	1	2	25799930816
3	blk.44.ssm_conv1d.weight	0	4	10240	1	2	25800422336
3	blk.44.ssm_dt.bias	0	48	1	1	1	25800586176
3	blk.44.ssm_norm.weight	0	128	1	1	1	25800586368
3	blk.44.ssm_out.weight	14	6144	2560	1	2	25800586880
3	blk.45.attn_gate.weight	13	2560	6144	1	2	25813489280
3	blk.45.attn_qkv.weight	13	2560	10240	1	2	25824302720
3	blk.45.ffn_down_exps.weight	20	640	2560	512	3	25842325120
3	blk.45.ffn_down_shexp.weight	8	640	2560	1	2	26314184320
3	blk.45.ffn_gate_exps.weight	17	2560	640	512	3	26315925120
3	blk.45.ffn_gate_inp.weight	0	2560	512	1	2	26558408320
3	blk.45.ffn_gate_inp_shexp.weight	0	2560	1	1	1	26563651200
3	blk.45.ffn_gate_shexp.weight	13	2560	640	1	2	26563661440
3	blk.45.ffn_up_exps.weight	17	2560	640	512	3	26564787840
3	blk.45.ffn_up_shexp.weight	13	2560	640	1	2	26807271040
3	blk.45.hc_attn_down.weight	8	10240	320	1	2	26808397440
3	blk.45.hc_attn_inject.weight	0	10240	4	1	2	26811879040
3	blk.45.hc_attn_norm.weight	0	10240	1	1	1	26812042880
3	blk.45.hc_attn_up.weight	8	320	10240	1	2	26812083840
3	blk.45.hc_ffn_down.weight	8	10240	320	1	2	26815565440
3	blk.45.hc_ffn_inject.weight	0	10240	4	1	2	26819047040
3	blk.45.hc_ffn_norm.weight	0	10240	1	1	1	26819210880
3	blk.45.hc_ffn_up.weight	8	320	10240	1	2	26819251840
3	blk.45.ssm_a	0	48	1	1	1	26822733440
3	blk.45.ssm_alpha.weight	0	2560	48	1	2	26822733632
3	blk.45.ssm_beta.weight	0	2560	48	1	2	26823225152
3	blk.45.ssm_conv1d.weight	0	4	10240	1	2	26823716672
3	blk.45.ssm_dt.bias	0	48	1	1	1	26823880512
3	blk.45.ssm_norm.weight	0	128	1	1	1	26823880704
3	blk.45.ssm_out.weight	14	6144	2560	1	2	26823881216
3	blk.46.attn_gate.weight	13	2560	6144	1	2	26836783616
3	blk.46.attn_qkv.weight	13	2560	10240	1	2	26847597056
3	blk.46.ffn_down_exps.weight	20	640	2560	512	3	26865619456
3	blk.46.ffn_down_shexp.weight	8	640	2560	1	2	27337478656
3	blk.46.ffn_gate_exps.weight	17	2560	640	512	3	27339219456
3	blk.46.ffn_gate_inp.weight	0	2560	512	1	2	27581702656
3	blk.46.ffn_gate_inp_shexp.weight	0	2560	1	1	1	27586945536
3	blk.46.ffn_gate_shexp.weight	13	2560	640	1	2	27586955776
3	blk.46.ffn_up_exps.weight	17	2560	640	512	3	27588082176
3	blk.46.ffn_up_shexp.weight	13	2560	640	1	2	27830565376
3	blk.46.hc_attn_down.weight	8	10240	320	1	2	27831691776
3	blk.46.hc_attn_inject.weight	0	10240	4	1	2	27835173376
3	blk.46.hc_attn_norm.weight	0	10240	1	1	1	27835337216
3	blk.46.hc_attn_up.weight	8	320	10240	1	2	27835378176
3	blk.46.hc_ffn_down.weight	8	10240	320	1	2	27838859776
3	blk.46.hc_ffn_inject.weight	0	10240	4	1	2	27842341376
3	blk.46.hc_ffn_norm.weight	0	10240	1	1	1	27842505216
3	blk.46.hc_ffn_up.weight	8	320	10240	1	2	27842546176
3	blk.46.ssm_a	0	48	1	1	1	27846027776
3	blk.46.ssm_alpha.weight	0	2560	48	1	2	27846027968
3	blk.46.ssm_beta.weight	0	2560	48	1	2	27846519488
3	blk.46.ssm_conv1d.weight	0	4	10240	1	2	27847011008
3	blk.46.ssm_dt.bias	0	48	1	1	1	27847174848
3	blk.46.ssm_norm.weight	0	128	1	1	1	27847175040
3	blk.46.ssm_out.weight	14	6144	2560	1	2	27847175552
3	blk.47.attn_k.weight	14	2560	512	1	2	27860077952
3	blk.47.attn_k_norm.weight	0	256	1	1	1	27861153152
3	blk.47.attn_output.weight	13	6144	2560	1	2	27861154176
3	blk.47.attn_q.weight	13	2560	12288	1	2	27871967616
3	blk.47.attn_q_norm.weight	0	256	1	1	1	27893594496
3	blk.47.attn_v.weight	14	2560	512	1	2	27893595520
3	blk.47.ffn_down_exps.weight	20	640	2560	512	3	27894670720
3	blk.47.ffn_down_shexp.weight	8	640	2560	1	2	28366529920
3	blk.47.ffn_gate_exps.weight	17	2560	640	512	3	28368270720
3	blk.47.ffn_gate_inp.weight	0	2560	512	1	2	28610753920
3	blk.47.ffn_gate_inp_shexp.weight	0	2560	1	1	1	28615996800
3	blk.47.ffn_gate_shexp.weight	13	2560	640	1	2	28616007040
3	blk.47.ffn_up_exps.weight	17	2560	640	512	3	28617133440
3	blk.47.ffn_up_shexp.weight	13	2560	640	1	2	28859616640
3	blk.47.hc_attn_down.weight	8	10240	320	1	2	28860743040
3	blk.47.hc_attn_inject.weight	0	10240	4	1	2	28864224640
3	blk.47.hc_attn_norm.weight	0	10240	1	1	1	28864388480
3	blk.47.hc_attn_up.weight	8	320	10240	1	2	28864429440
3	blk.47.hc_ffn_down.weight	8	10240	320	1	2	28867911040
3	blk.47.hc_ffn_inject.weight	0	10240	4	1	2	28871392640
3	blk.47.hc_ffn_norm.weight	0	10240	1	1	1	28871556480
3	blk.47.hc_ffn_up.weight	8	320	10240	1	2	28871597440
3	blk.47.indexer.k_norm.weight	0	128	1	1	1	28875079040
3	blk.47.indexer.k_proj.weight	30	2560	128	1	2	28875079552
3	blk.47.indexer.q_norm.weight	0	128	1	1	1	28875734912
3	blk.47.indexer.q_proj.weight	30	2560	512	1	2	28875735424
