type,m,k,batch,path,warps,weight_GBs,kernel_plus_prep_GBs,stock_GBs,stock_error,cpu_error,copies,correct,stock_float_noise,stock_cpu_error,cpu_rows,experts
20,2560,640,1,r16_xmad,2,7.519,7.499,69.070,7.58092409e-08,6.76799391e-08,3,1,1,7.61399315e-08,1024,16
20,2560,640,1,r16_xmad,4,14.143,14.105,69.070,7.58092409e-08,6.76799391e-08,3,1,1,7.61399315e-08,1024,16
20,2560,640,1,r16_xmad,8,20.037,19.993,69.070,7.58092409e-08,6.76799391e-08,3,1,1,7.61399315e-08,1024,16
20,2560,640,1,r16_xmad,16,26.358,26.206,69.070,7.58092409e-08,6.76799391e-08,3,1,1,7.61399315e-08,1024,16
20,2560,640,1,r16_xmad,32,23.826,23.660,69.070,7.58092409e-08,6.76799391e-08,3,1,1,7.61399315e-08,1024,16
20,2560,640,1,r16_magic_fadd,2,6.955,6.935,69.070,7.58092409e-08,6.76799391e-08,3,1,1,7.61399315e-08,1024,16
20,2560,640,1,r16_magic_fadd,4,13.169,13.117,69.070,7.58092409e-08,6.76799391e-08,3,1,1,7.61399315e-08,1024,16
20,2560,640,1,r16_magic_fadd,8,18.610,18.504,69.070,7.58092409e-08,6.76799391e-08,3,1,1,7.61399315e-08,1024,16
20,2560,640,1,r16_magic_fadd,16,24.380,24.219,69.070,7.58092409e-08,6.76799391e-08,3,1,1,7.61399315e-08,1024,16
20,2560,640,1,r16_magic_fadd,32,24.151,23.933,69.070,7.58092409e-08,6.76799391e-08,3,1,1,7.61399315e-08,1024,16
20,2560,640,1,r16_xmad_dict,2,6.662,6.644,69.070,7.58092409e-08,6.76799391e-08,3,1,1,7.61399315e-08,1024,16
20,2560,640,1,r16_xmad_dict,4,10.425,10.406,69.070,7.58092409e-08,6.76799391e-08,3,1,1,7.61399315e-08,1024,16
20,2560,640,1,r16_xmad_dict,8,13.146,13.093,69.070,7.58092409e-08,6.76799391e-08,3,1,1,7.61399315e-08,1024,16
20,2560,640,1,r16_xmad_dict,16,15.167,15.107,69.070,7.58092409e-08,6.76799391e-08,3,1,1,7.61399315e-08,1024,16
20,2560,640,1,r16_xmad_dict,32,13.872,13.817,69.070,7.58092409e-08,6.76799391e-08,3,1,1,7.61399315e-08,1024,16
20,2560,640,2,r16_xmad,2,6.344,6.334,48.804,8.49046639e-08,8.73515787e-08,3,1,1,8.73515787e-08,1024,16
20,2560,640,2,r16_xmad,4,12.250,12.240,48.804,8.49046639e-08,8.73515787e-08,3,1,1,8.73515787e-08,1024,16
20,2560,640,2,r16_xmad,8,17.962,17.853,48.804,8.49046639e-08,8.73515787e-08,3,1,1,8.73515787e-08,1024,16
20,2560,640,2,r16_xmad,16,23.373,23.223,48.804,8.49046639e-08,8.73515787e-08,3,1,1,8.73515787e-08,1024,16
20,2560,640,2,r16_xmad,32,19.573,19.448,48.804,8.49046639e-08,8.73515787e-08,3,1,1,8.73515787e-08,1024,16
20,2560,640,2,r16_magic_fadd,2,5.179,5.169,48.804,8.49046639e-08,8.73515787e-08,3,1,1,8.73515787e-08,1024,16
20,2560,640,2,r16_magic_fadd,4,10.386,10.345,48.804,8.49046639e-08,8.73515787e-08,3,1,1,8.73515787e-08,1024,16
20,2560,640,2,r16_magic_fadd,8,15.846,15.754,48.804,8.49046639e-08,8.73515787e-08,3,1,1,8.73515787e-08,1024,16
20,2560,640,2,r16_magic_fadd,16,20.985,20.811,48.804,8.49046639e-08,8.73515787e-08,3,1,1,8.73515787e-08,1024,16
20,2560,640,2,r16_magic_fadd,32,16.126,16.090,48.804,8.49046639e-08,8.73515787e-08,3,1,1,8.73515787e-08,1024,16
20,2560,640,2,r16_xmad_dict,2,5.727,5.728,48.804,8.49046639e-08,8.73515787e-08,3,1,1,8.73515787e-08,1024,16
20,2560,640,2,r16_xmad_dict,4,9.569,9.555,48.804,8.49046639e-08,8.73515787e-08,3,1,1,8.73515787e-08,1024,16
20,2560,640,2,r16_xmad_dict,8,11.809,11.772,48.804,8.49046639e-08,8.73515787e-08,3,1,1,8.73515787e-08,1024,16
20,2560,640,2,r16_xmad_dict,16,14.292,14.231,48.804,8.49046639e-08,8.73515787e-08,3,1,1,8.73515787e-08,1024,16
20,2560,640,2,r16_xmad_dict,32,10.847,10.805,48.804,8.49046639e-08,8.73515787e-08,3,1,1,8.73515787e-08,1024,16
20,2560,640,4,r16_xmad,2,4.108,4.080,24.923,1.05497429e-07,1.07095127e-07,3,1,1,1.07095127e-07,1024,16
20,2560,640,4,r16_xmad,4,8.179,8.118,24.923,1.05497429e-07,1.07095127e-07,3,1,1,1.07095127e-07,1024,16
20,2560,640,4,r16_xmad,8,13.403,13.274,24.923,1.05497429e-07,1.07095127e-07,3,1,1,1.07095127e-07,1024,16
20,2560,640,4,r16_xmad,16,18.465,18.225,24.923,1.05497429e-07,1.07095127e-07,3,1,1,1.07095127e-07,1024,16
20,2560,640,4,r16_magic_fadd,2,2.584,2.584,24.923,1.05497429e-07,1.07095127e-07,3,1,1,1.07095127e-07,1024,16
20,2560,640,4,r16_magic_fadd,4,5.438,5.422,24.923,1.05497429e-07,1.07095127e-07,3,1,1,1.07095127e-07,1024,16
20,2560,640,4,r16_magic_fadd,8,10.235,10.176,24.923,1.05497429e-07,1.07095127e-07,3,1,1,1.07095127e-07,1024,16
20,2560,640,4,r16_magic_fadd,16,14.260,14.167,24.923,1.05497429e-07,1.07095127e-07,3,1,1,1.07095127e-07,1024,16
20,2560,640,4,r16_xmad_dict,2,4.111,4.100,24.923,1.05497429e-07,1.07095127e-07,3,1,1,1.07095127e-07,1024,16
20,2560,640,4,r16_xmad_dict,4,7.050,7.025,24.923,1.05497429e-07,1.07095127e-07,3,1,1,1.07095127e-07,1024,16
20,2560,640,4,r16_xmad_dict,8,10.200,10.161,24.923,1.05497429e-07,1.07095127e-07,3,1,1,1.07095127e-07,1024,16
20,2560,640,4,r16_xmad_dict,16,12.529,12.474,24.923,1.05497429e-07,1.07095127e-07,3,1,1,1.07095127e-07,1024,16
20,2560,640,8,r16_xmad,2,1.840,1.833,17.161,1.02193502e-07,9.15637803e-08,3,1,1,9.15637803e-08,1024,16
20,2560,640,8,r16_xmad,4,3.706,3.692,17.161,1.02193502e-07,9.15637803e-08,3,1,1,9.15637803e-08,1024,16
20,2560,640,8,r16_xmad,8,6.831,6.780,17.161,1.02193502e-07,9.15637803e-08,3,1,1,9.15637803e-08,1024,16
20,2560,640,8,r16_xmad,16,11.192,11.012,17.161,1.02193502e-07,9.15637803e-08,3,1,1,9.15637803e-08,1024,16
20,2560,640,8,r16_magic_fadd,2,1.275,1.274,17.161,1.02193502e-07,9.15637803e-08,3,1,1,9.15637803e-08,1024,16
20,2560,640,8,r16_magic_fadd,4,2.738,2.732,17.161,1.02193502e-07,9.15637803e-08,3,1,1,9.15637803e-08,1024,16
20,2560,640,8,r16_magic_fadd,8,5.039,5.021,17.161,1.02193502e-07,9.15637803e-08,3,1,1,9.15637803e-08,1024,16
20,2560,640,8,r16_magic_fadd,16,8.063,7.981,17.161,1.02193502e-07,9.15637803e-08,3,1,1,9.15637803e-08,1024,16
20,2560,640,8,r16_xmad_dict,2,1.827,1.822,17.161,1.02193502e-07,9.15637803e-08,3,1,1,9.15637803e-08,1024,16
20,2560,640,8,r16_xmad_dict,4,3.538,3.525,17.161,1.02193502e-07,9.15637803e-08,3,1,1,9.15637803e-08,1024,16
20,2560,640,8,r16_xmad_dict,8,5.855,5.824,17.161,1.02193502e-07,9.15637803e-08,3,1,1,9.15637803e-08,1024,16
20,2560,640,8,r16_xmad_dict,16,8.794,8.730,17.161,1.02193502e-07,9.15637803e-08,3,1,1,9.15637803e-08,1024,16
type,m,k,batch,path,warps,weight_GBs,kernel_plus_prep_GBs,stock_GBs,stock_error,cpu_error,copies,correct,stock_float_noise,stock_cpu_error,cpu_rows,experts
17,640,2560,1,r16_xmad,2,6.141,6.119,31.542,0.000101214557,1.40301235e-07,5,1,0,8.73024436e-05,1024,16
17,640,2560,1,r16_xmad,4,11.877,11.816,31.542,0.000101214557,1.40301235e-07,5,1,0,8.73024436e-05,1024,16
17,640,2560,1,r16_xmad,8,19.709,19.550,31.542,0.000101214557,1.40301235e-07,5,1,0,8.73024436e-05,1024,16
17,640,2560,1,r16_xmad,16,27.780,27.431,31.542,0.000101214557,1.40301235e-07,5,1,0,8.73024436e-05,1024,16
17,640,2560,1,r16_xmad,32,27.425,27.119,31.542,0.000101214557,1.40301235e-07,5,1,0,8.73024436e-05,1024,16
17,640,2560,1,r16_magic_fadd,2,5.664,5.646,31.542,0.000101214557,1.40301235e-07,5,1,0,8.73024436e-05,1024,16
17,640,2560,1,r16_magic_fadd,4,10.976,10.927,31.542,0.000101214557,1.40301235e-07,5,1,0,8.73024436e-05,1024,16
17,640,2560,1,r16_magic_fadd,8,18.139,18.003,31.542,0.000101214557,1.40301235e-07,5,1,0,8.73024436e-05,1024,16
17,640,2560,1,r16_magic_fadd,16,25.497,25.231,31.542,0.000101214557,1.40301235e-07,5,1,0,8.73024436e-05,1024,16
17,640,2560,1,r16_magic_fadd,32,23.481,23.234,31.542,0.000101214557,1.40301235e-07,5,1,0,8.73024436e-05,1024,16
17,640,2560,1,r16_xmad_dict,2,6.713,6.960,31.542,0.000101214557,1.40301235e-07,5,1,0,8.73024436e-05,1024,16
17,640,2560,1,r16_xmad_dict,4,11.835,11.793,31.542,0.000101214557,1.40301235e-07,5,1,0,8.73024436e-05,1024,16
17,640,2560,1,r16_xmad_dict,8,16.789,16.669,31.542,0.000101214557,1.40301235e-07,5,1,0,8.73024436e-05,1024,16
17,640,2560,1,r16_xmad_dict,16,19.416,19.226,31.542,0.000101214557,1.40301235e-07,5,1,0,8.73024436e-05,1024,16
17,640,2560,1,r16_xmad_dict,32,15.301,15.174,31.542,0.000101214557,1.40301235e-07,5,1,0,8.73024436e-05,1024,16
17,640,2560,2,r16_xmad,2,5.316,5.291,19.383,0.000138791888,7.85293937e-08,5,1,0,6.33470442e-05,1024,16
17,640,2560,2,r16_xmad,4,10.026,9.956,19.383,0.000138791888,7.85293937e-08,5,1,0,6.33470442e-05,1024,16
17,640,2560,2,r16_xmad,8,17.040,16.867,19.383,0.000138791888,7.85293937e-08,5,1,0,6.33470442e-05,1024,16
17,640,2560,2,r16_xmad,16,24.907,24.527,19.383,0.000138791888,7.85293937e-08,5,1,0,6.33470442e-05,1024,16
17,640,2560,2,r16_xmad,32,16.565,16.356,19.383,0.000138791888,7.85293937e-08,5,1,0,6.33470442e-05,1024,16
17,640,2560,2,r16_magic_fadd,2,3.986,3.981,19.383,0.000138791888,7.85293937e-08,5,1,0,6.33470442e-05,1024,16
17,640,2560,2,r16_magic_fadd,4,7.948,7.923,19.383,0.000138791888,7.85293937e-08,5,1,0,6.33470442e-05,1024,16
17,640,2560,2,r16_magic_fadd,8,13.962,13.847,19.383,0.000138791888,7.85293937e-08,5,1,0,6.33470442e-05,1024,16
17,640,2560,2,r16_magic_fadd,16,20.310,20.019,19.383,0.000138791888,7.85293937e-08,5,1,0,6.33470442e-05,1024,16
17,640,2560,2,r16_magic_fadd,32,13.880,14.031,19.383,0.000138791888,7.85293937e-08,5,1,0,6.33470442e-05,1024,16
17,640,2560,2,r16_xmad_dict,2,5.658,5.796,19.383,0.000138791888,7.85293937e-08,5,1,0,6.33470442e-05,1024,16
17,640,2560,2,r16_xmad_dict,4,9.957,9.903,19.383,0.000138791888,7.85293937e-08,5,1,0,6.33470442e-05,1024,16
17,640,2560,2,r16_xmad_dict,8,14.971,14.847,19.383,0.000138791888,7.85293937e-08,5,1,0,6.33470442e-05,1024,16
17,640,2560,2,r16_xmad_dict,16,17.885,17.715,19.383,0.000138791888,7.85293937e-08,5,1,0,6.33470442e-05,1024,16
17,640,2560,2,r16_xmad_dict,32,9.485,9.423,19.383,0.000138791888,7.85293937e-08,5,1,0,6.33470442e-05,1024,16
17,640,2560,4,r16_xmad,2,3.537,3.574,12.530,0.000113278344,1.13223779e-07,5,1,0,6.73115365e-05,1024,16
17,640,2560,4,r16_xmad,4,7.176,7.128,12.530,0.000113278344,1.13223779e-07,5,1,0,6.73115365e-05,1024,16
17,640,2560,4,r16_xmad,8,12.405,12.254,12.530,0.000113278344,1.13223779e-07,5,1,0,6.73115365e-05,1024,16
17,640,2560,4,r16_xmad,16,18.633,18.282,12.530,0.000113278344,1.13223779e-07,5,1,0,6.73115365e-05,1024,16
17,640,2560,4,r16_magic_fadd,2,2.109,2.098,12.530,0.000113278344,1.13223779e-07,5,1,0,6.73115365e-05,1024,16
17,640,2560,4,r16_magic_fadd,4,4.457,4.420,12.530,0.000113278344,1.13223779e-07,5,1,0,6.73115365e-05,1024,16
17,640,2560,4,r16_magic_fadd,8,9.096,8.946,12.530,0.000113278344,1.13223779e-07,5,1,0,6.73115365e-05,1024,16
17,640,2560,4,r16_magic_fadd,16,13.882,13.634,12.530,0.000113278344,1.13223779e-07,5,1,0,6.73115365e-05,1024,16
17,640,2560,4,r16_xmad_dict,2,3.860,3.902,12.530,0.000113278344,1.13223779e-07,5,1,0,6.73115365e-05,1024,16
17,640,2560,4,r16_xmad_dict,4,7.114,7.073,12.530,0.000113278344,1.13223779e-07,5,1,0,6.73115365e-05,1024,16
17,640,2560,4,r16_xmad_dict,8,11.273,11.124,12.530,0.000113278344,1.13223779e-07,5,1,0,6.73115365e-05,1024,16
17,640,2560,4,r16_xmad_dict,16,14.873,14.664,12.530,0.000113278344,1.13223779e-07,5,1,0,6.73115365e-05,1024,16
17,640,2560,8,r16_xmad,2,1.488,1.479,6.371,7.46268178e-05,1.05987847e-07,5,1,0,8.57971622e-05,1024,16
17,640,2560,8,r16_xmad,4,2.998,2.983,6.371,7.46268178e-05,1.05987847e-07,5,1,0,8.57971622e-05,1024,16
17,640,2560,8,r16_xmad,8,5.693,5.613,6.371,7.46268178e-05,1.05987847e-07,5,1,0,8.57971622e-05,1024,16
17,640,2560,8,r16_xmad,16,10.048,9.829,6.371,7.46268178e-05,1.05987847e-07,5,1,0,8.57971622e-05,1024,16
17,640,2560,8,r16_magic_fadd,2,1.031,1.034,6.371,7.46268178e-05,1.05987847e-07,5,1,0,8.57971622e-05,1024,16
17,640,2560,8,r16_magic_fadd,4,2.197,2.188,6.371,7.46268178e-05,1.05987847e-07,5,1,0,8.57971622e-05,1024,16
17,640,2560,8,r16_magic_fadd,8,4.083,4.048,6.371,7.46268178e-05,1.05987847e-07,5,1,0,8.57971622e-05,1024,16
17,640,2560,8,r16_magic_fadd,16,6.764,6.683,6.371,7.46268178e-05,1.05987847e-07,5,1,0,8.57971622e-05,1024,16
17,640,2560,8,r16_xmad_dict,2,1.604,1.596,6.371,7.46268178e-05,1.05987847e-07,5,1,0,8.57971622e-05,1024,16
17,640,2560,8,r16_xmad_dict,4,3.180,3.159,6.371,7.46268178e-05,1.05987847e-07,5,1,0,8.57971622e-05,1024,16
17,640,2560,8,r16_xmad_dict,8,6.022,5.945,6.371,7.46268178e-05,1.05987847e-07,5,1,0,8.57971622e-05,1024,16
17,640,2560,8,r16_xmad_dict,16,10.076,9.824,6.371,7.46268178e-05,1.05987847e-07,5,1,0,8.57971622e-05,1024,16
type,m,k,batch,path,warps,weight_GBs,kernel_plus_prep_GBs,stock_GBs,stock_error,cpu_error,copies,correct,stock_float_noise,stock_cpu_error,cpu_rows,experts
18,640,2560,1,r16_xmad,2,7.768,7.753,34.856,3.25762057e-05,1.13422729e-07,4,1,0,2.13092953e-05,1024,16
18,640,2560,1,r16_xmad,4,14.742,14.662,34.856,3.25762057e-05,1.13422729e-07,4,1,0,2.13092953e-05,1024,16
18,640,2560,1,r16_xmad,8,21.155,21.013,34.856,3.25762057e-05,1.13422729e-07,4,1,0,2.13092953e-05,1024,16
18,640,2560,1,r16_xmad,16,26.758,26.575,34.856,3.25762057e-05,1.13422729e-07,4,1,0,2.13092953e-05,1024,16
18,640,2560,1,r16_xmad,32,25.748,25.582,34.856,3.25762057e-05,1.13422729e-07,4,1,0,2.13092953e-05,1024,16
18,640,2560,1,r16_magic_fadd,2,7.282,7.270,34.856,3.25762057e-05,1.13422729e-07,4,1,0,2.13092953e-05,1024,16
18,640,2560,1,r16_magic_fadd,4,13.858,13.801,34.856,3.25762057e-05,1.13422729e-07,4,1,0,2.13092953e-05,1024,16
18,640,2560,1,r16_magic_fadd,8,20.266,20.158,34.856,3.25762057e-05,1.13422729e-07,4,1,0,2.13092953e-05,1024,16
18,640,2560,1,r16_magic_fadd,16,25.195,24.998,34.856,3.25762057e-05,1.13422729e-07,4,1,0,2.13092953e-05,1024,16
18,640,2560,1,r16_magic_fadd,32,22.344,21.236,34.856,3.25762057e-05,1.13422729e-07,4,1,0,2.13092953e-05,1024,16
18,640,2560,1,r16_xmad_dict,2,6.544,6.607,34.856,3.25762057e-05,1.13422729e-07,4,1,0,2.13092953e-05,1024,16
18,640,2560,1,r16_xmad_dict,4,11.025,11.000,34.856,3.25762057e-05,1.13422729e-07,4,1,0,2.13092953e-05,1024,16
18,640,2560,1,r16_xmad_dict,8,15.427,15.331,34.856,3.25762057e-05,1.13422729e-07,4,1,0,2.13092953e-05,1024,16
18,640,2560,1,r16_xmad_dict,16,17.944,17.930,34.856,3.25762057e-05,1.13422729e-07,4,1,0,2.13092953e-05,1024,16
18,640,2560,1,r16_xmad_dict,32,16.181,16.127,34.856,3.25762057e-05,1.13422729e-07,4,1,0,2.13092953e-05,1024,16
18,640,2560,2,r16_xmad,2,6.680,6.665,31.514,1.79764273e-05,9.84361643e-08,4,1,0,1.47777292e-05,1024,16
18,640,2560,2,r16_xmad,4,12.815,12.729,31.514,1.79764273e-05,9.84361643e-08,4,1,0,1.47777292e-05,1024,16
18,640,2560,2,r16_xmad,8,18.394,18.201,31.514,1.79764273e-05,9.84361643e-08,4,1,0,1.47777292e-05,1024,16
18,640,2560,2,r16_xmad,16,24.536,24.445,31.514,1.79764273e-05,9.84361643e-08,4,1,0,1.47777292e-05,1024,16
18,640,2560,2,r16_xmad,32,18.354,18.203,31.514,1.79764273e-05,9.84361643e-08,4,1,0,1.47777292e-05,1024,16
18,640,2560,2,r16_magic_fadd,2,5.127,5.107,31.514,1.79764273e-05,9.84361643e-08,4,1,0,1.47777292e-05,1024,16
18,640,2560,2,r16_magic_fadd,4,10.147,10.101,31.514,1.79764273e-05,9.84361643e-08,4,1,0,1.47777292e-05,1024,16
18,640,2560,2,r16_magic_fadd,8,15.733,15.677,31.514,1.79764273e-05,9.84361643e-08,4,1,0,1.47777292e-05,1024,16
18,640,2560,2,r16_magic_fadd,16,21.211,20.972,31.514,1.79764273e-05,9.84361643e-08,4,1,0,1.47777292e-05,1024,16
18,640,2560,2,r16_magic_fadd,32,16.331,15.547,31.514,1.79764273e-05,9.84361643e-08,4,1,0,1.47777292e-05,1024,16
18,640,2560,2,r16_xmad_dict,2,5.771,5.761,31.514,1.79764273e-05,9.84361643e-08,4,1,0,1.47777292e-05,1024,16
18,640,2560,2,r16_xmad_dict,4,9.786,9.732,31.514,1.79764273e-05,9.84361643e-08,4,1,0,1.47777292e-05,1024,16
18,640,2560,2,r16_xmad_dict,8,14.272,14.201,31.514,1.79764273e-05,9.84361643e-08,4,1,0,1.47777292e-05,1024,16
18,640,2560,2,r16_xmad_dict,16,17.257,17.086,31.514,1.79764273e-05,9.84361643e-08,4,1,0,1.47777292e-05,1024,16
18,640,2560,2,r16_xmad_dict,32,13.170,13.083,31.514,1.79764273e-05,9.84361643e-08,4,1,0,1.47777292e-05,1024,16
18,640,2560,4,r16_xmad,2,4.579,4.622,16.007,1.58744472e-05,1.10357151e-07,4,1,0,2.6844377e-05,1024,16
18,640,2560,4,r16_xmad,4,9.084,9.011,16.007,1.58744472e-05,1.10357151e-07,4,1,0,2.6844377e-05,1024,16
18,640,2560,4,r16_xmad,8,14.120,14.018,16.007,1.58744472e-05,1.10357151e-07,4,1,0,2.6844377e-05,1024,16
18,640,2560,4,r16_xmad,16,19.836,19.584,16.007,1.58744472e-05,1.10357151e-07,4,1,0,2.6844377e-05,1024,16
18,640,2560,4,r16_magic_fadd,2,2.777,2.751,16.007,1.58744472e-05,1.10357151e-07,4,1,0,2.6844377e-05,1024,16
18,640,2560,4,r16_magic_fadd,4,5.767,5.719,16.007,1.58744472e-05,1.10357151e-07,4,1,0,2.6844377e-05,1024,16
18,640,2560,4,r16_magic_fadd,8,11.054,10.859,16.007,1.58744472e-05,1.10357151e-07,4,1,0,2.6844377e-05,1024,16
18,640,2560,4,r16_magic_fadd,16,15.648,14.831,16.007,1.58744472e-05,1.10357151e-07,4,1,0,2.6844377e-05,1024,16
18,640,2560,4,r16_xmad_dict,2,4.217,4.212,16.007,1.58744472e-05,1.10357151e-07,4,1,0,2.6844377e-05,1024,16
18,640,2560,4,r16_xmad_dict,4,7.574,7.527,16.007,1.58744472e-05,1.10357151e-07,4,1,0,2.6844377e-05,1024,16
18,640,2560,4,r16_xmad_dict,8,11.633,11.518,16.007,1.58744472e-05,1.10357151e-07,4,1,0,2.6844377e-05,1024,16
18,640,2560,4,r16_xmad_dict,16,15.302,15.093,16.007,1.58744472e-05,1.10357151e-07,4,1,0,2.6844377e-05,1024,16
18,640,2560,8,r16_xmad,2,1.975,1.968,8.893,2.55242434e-05,8.17217464e-08,4,1,0,1.88368626e-05,1024,16
18,640,2560,8,r16_xmad,4,3.963,3.938,8.893,2.55242434e-05,8.17217464e-08,4,1,0,1.88368626e-05,1024,16
18,640,2560,8,r16_xmad,8,7.261,7.176,8.893,2.55242434e-05,8.17217464e-08,4,1,0,1.88368626e-05,1024,16
18,640,2560,8,r16_xmad,16,11.924,11.705,8.893,2.55242434e-05,8.17217464e-08,4,1,0,1.88368626e-05,1024,16
18,640,2560,8,r16_magic_fadd,2,1.358,1.362,8.893,2.55242434e-05,8.17217464e-08,4,1,0,1.88368626e-05,1024,16
18,640,2560,8,r16_magic_fadd,4,2.885,2.875,8.893,2.55242434e-05,8.17217464e-08,4,1,0,1.88368626e-05,1024,16
18,640,2560,8,r16_magic_fadd,8,5.226,5.198,8.893,2.55242434e-05,8.17217464e-08,4,1,0,1.88368626e-05,1024,16
18,640,2560,8,r16_magic_fadd,16,8.447,8.354,8.893,2.55242434e-05,8.17217464e-08,4,1,0,1.88368626e-05,1024,16
18,640,2560,8,r16_xmad_dict,2,1.957,1.950,8.893,2.55242434e-05,8.17217464e-08,4,1,0,1.88368626e-05,1024,16
18,640,2560,8,r16_xmad_dict,4,3.891,3.869,8.893,2.55242434e-05,8.17217464e-08,4,1,0,1.88368626e-05,1024,16
18,640,2560,8,r16_xmad_dict,8,7.253,7.188,8.893,2.55242434e-05,8.17217464e-08,4,1,0,1.88368626e-05,1024,16
18,640,2560,8,r16_xmad_dict,16,11.565,11.357,8.893,2.55242434e-05,8.17217464e-08,4,1,0,1.88368626e-05,1024,16
