type	m	k	file	shard	start	bytes	tensor
12	248320	2560	t12-m248320-k2560.bin	2	31840	357580800	output.weight
8	320	10240	t8-m320-k10240.bin	2	357612640	3481600	output_hc_down.weight
8	10240	320	t8-m10240-k320.bin	2	361135200	3481600	output_hc_up.weight
13	6144	2560	t13-m6144-k2560.bin	2	29601798240	10813440	blk.0.attn_gate.weight
13	10240	2560	t13-m10240-k2560.bin	2	29612611680	18022400	blk.0.attn_qkv.weight
20	2560	640	t20-m2560-k640.bin	2	29630634080	921600	blk.0.ffn_down_exps.weight
8	2560	640	t8-m2560-k640.bin	2	30102493280	1740800	blk.0.ffn_down_shexp.weight
17	640	2560	t17-m640-k2560.bin	2	30104234080	473600	blk.0.ffn_gate_exps.weight
13	640	2560	t13-m640-k2560.bin	2	30351970400	1126400	blk.0.ffn_gate_shexp.weight
14	2560	6144	t14-m2560-k6144.bin	2	30612190176	12902400	blk.0.ssm_out.weight
8	10240	2560	t8-m10240-k2560.bin	2	31634500576	27852800	blk.1.ple_key.weight
8	2560	2560	t8-m2560-k2560.bin	2	31662476256	6963200	blk.1.ple_value.weight
14	6144	2560	t14-m6144-k2560.bin	2	31683489632	12902400	blk.2.attn_gate.weight
14	10240	2560	t14-m10240-k2560.bin	2	31696392032	21504000	blk.2.attn_qkv.weight
18	640	2560	t18-m640-k2560.bin	2	32191496032	627200	blk.2.ffn_gate_exps.weight
14	640	2560	t14-m640-k2560.bin	2	32517875552	1344000	blk.2.ffn_gate_shexp.weight
14	512	2560	t14-m512-k2560.bin	2	32870076128	1075200	blk.3.attn_k.weight
13	2560	6144	t13-m2560-k6144.bin	2	32871152352	10813440	blk.3.attn_output.weight
13	12288	2560	t13-m12288-k2560.bin	2	32881965792	21626880	blk.3.attn_q.weight
