node	block	bytes	k	m	decision	tensors
3	1	3481600	10240	320	main	blk.0.hc_attn_down.weight
6	1	3481600	320	10240	main	blk.0.hc_attn_up.weight
8	1	163840	10240	4	main	blk.0.hc_attn_inject.weight
14	1	18022400	2560	10240	split	blk.0.attn_qkv.weight
21	1	10813440	2560	6144	split	blk.0.attn_gate.weight
24	1	12902400	6144	2560	split	blk.0.ssm_out.weight
28	2	3481600	10240	320	main	blk.0.hc_ffn_down.weight
31	2	3481600	320	10240	main	blk.0.hc_ffn_up.weight
33	2	163840	10240	4	main	blk.0.hc_ffn_inject.weight
38	2	5242880	2560	512	main	blk.0.ffn_gate_inp.weight
47	2	1126400	2560	640	main	blk.0.ffn_gate_shexp.weight
48	2	1126400	2560	640	main	blk.0.ffn_up_shexp.weight
51	2	1740800	640	2560	main	blk.0.ffn_down_shexp.weight
58	3	27852800	2560	10240	split	blk.1.ple_key.weight
64	3	6963200	2560	2560	main	blk.1.ple_value.weight
72	4	3481600	10240	320	main	blk.1.hc_attn_down.weight
75	4	3481600	320	10240	main	blk.1.hc_attn_up.weight
77	4	163840	10240	4	main	blk.1.hc_attn_inject.weight
83	4	18022400	2560	10240	split	blk.1.attn_qkv.weight
90	4	10813440	2560	6144	split	blk.1.attn_gate.weight
93	4	12902400	6144	2560	split	blk.1.ssm_out.weight
97	5	3481600	10240	320	main	blk.1.hc_ffn_down.weight
100	5	3481600	320	10240	main	blk.1.hc_ffn_up.weight
102	5	163840	10240	4	main	blk.1.hc_ffn_inject.weight
107	5	5242880	2560	512	main	blk.1.ffn_gate_inp.weight
116	5	1126400	2560	640	main	blk.1.ffn_gate_shexp.weight
117	5	1126400	2560	640	main	blk.1.ffn_up_shexp.weight
120	5	1740800	640	2560	main	blk.1.ffn_down_shexp.weight
127	6	3481600	10240	320	main	blk.2.hc_attn_down.weight
130	6	3481600	320	10240	main	blk.2.hc_attn_up.weight
132	6	163840	10240	4	main	blk.2.hc_attn_inject.weight
138	6	21504000	2560	10240	split	blk.2.attn_qkv.weight
145	6	12902400	2560	6144	split	blk.2.attn_gate.weight
148	6	12902400	6144	2560	split	blk.2.ssm_out.weight
152	7	3481600	10240	320	main	blk.2.hc_ffn_down.weight
155	7	3481600	320	10240	main	blk.2.hc_ffn_up.weight
157	7	163840	10240	4	main	blk.2.hc_ffn_inject.weight
162	7	5242880	2560	512	main	blk.2.ffn_gate_inp.weight
171	7	1344000	2560	640	main	blk.2.ffn_gate_shexp.weight
172	7	1344000	2560	640	main	blk.2.ffn_up_shexp.weight
175	7	1740800	640	2560	main	blk.2.ffn_down_shexp.weight
182	8	3481600	10240	320	main	blk.3.hc_attn_down.weight
185	8	3481600	320	10240	main	blk.3.hc_attn_up.weight
187	8	163840	10240	4	main	blk.3.hc_attn_inject.weight
192	8	23777280	2560	13312	split	blk.3.attn_q.weight+blk.3.attn_q.weight+blk.3.attn_q.weight+blk.3.attn_q.weight+blk.3.attn_q.weight+blk.3.attn_q.weight+blk.3.attn_q.weight+blk.3.attn_q.weight+blk.3.attn_q.weight+blk.3.attn_q.weight+blk.3.attn_q.weight+blk.3.attn_q.weight+blk.3.attn_q.weight+blk.3.attn_q.weight+blk.3.attn_q.weight+blk.3.attn_q.weight+blk.3.attn_q.weight+blk.3.attn_q.weight+blk.3.attn_q.weight+blk.3.attn_q.weight+blk.3.attn_q.weight+blk.3.attn_q.weight+blk.3.attn_q.weight+blk.3.attn_q.weight+blk.3.attn_k.weight+blk.3.attn_k.weight+blk.3.attn_v.weight+blk.3.attn_q.weight+blk.3.attn_q.weight+blk.3.attn_q.weight+blk.3.attn_q.weight+blk.3.attn_q.weight+blk.3.attn_q.weight+blk.3.attn_q.weight+blk.3.attn_q.weight+blk.3.attn_q.weight+blk.3.attn_q.weight+blk.3.attn_q.weight+blk.3.attn_q.weight+blk.3.attn_q.weight+blk.3.attn_q.weight+blk.3.attn_q.weight+blk.3.attn_q.weight+blk.3.attn_q.weight+blk.3.attn_q.weight+blk.3.attn_q.weight+blk.3.attn_q.weight+blk.3.attn_q.weight+blk.3.attn_q.weight+blk.3.attn_q.weight+blk.3.attn_q.weight
195	8	3276800	2560	640	main	blk.3.indexer.q_proj.weight+blk.3.indexer.q_proj.weight+blk.3.indexer.q_proj.weight+blk.3.indexer.q_proj.weight+blk.3.indexer.k_proj.weight
199	8	10813440	6144	2560	split	blk.3.attn_output.weight
203	9	3481600	10240	320	main	blk.3.hc_ffn_down.weight
206	9	3481600	320	10240	main	blk.3.hc_ffn_up.weight
208	9	163840	10240	4	main	blk.3.hc_ffn_inject.weight
213	9	5242880	2560	512	main	blk.3.ffn_gate_inp.weight
222	9	1126400	2560	640	main	blk.3.ffn_gate_shexp.weight
223	9	1126400	2560	640	main	blk.3.ffn_up_shexp.weight
226	9	1740800	640	2560	main	blk.3.ffn_down_shexp.weight
233	10	3481600	10240	320	main	blk.4.hc_attn_down.weight
236	10	3481600	320	10240	main	blk.4.hc_attn_up.weight
238	10	163840	10240	4	main	blk.4.hc_attn_inject.weight
244	10	18022400	2560	10240	split	blk.4.attn_qkv.weight
251	10	10813440	2560	6144	split	blk.4.attn_gate.weight
254	10	12902400	6144	2560	split	blk.4.ssm_out.weight
258	11	3481600	10240	320	main	blk.4.hc_ffn_down.weight
261	11	3481600	320	10240	main	blk.4.hc_ffn_up.weight
263	11	163840	10240	4	main	blk.4.hc_ffn_inject.weight
268	11	5242880	2560	512	main	blk.4.ffn_gate_inp.weight
277	11	1126400	2560	640	main	blk.4.ffn_gate_shexp.weight
278	11	1126400	2560	640	main	blk.4.ffn_up_shexp.weight
281	11	1740800	640	2560	main	blk.4.ffn_down_shexp.weight
288	12	3481600	10240	320	main	blk.5.hc_attn_down.weight
291	12	3481600	320	10240	main	blk.5.hc_attn_up.weight
293	12	163840	10240	4	main	blk.5.hc_attn_inject.weight
299	12	18022400	2560	10240	split	blk.5.attn_qkv.weight
306	12	10813440	2560	6144	split	blk.5.attn_gate.weight
309	12	12902400	6144	2560	split	blk.5.ssm_out.weight
313	13	3481600	10240	320	main	blk.5.hc_ffn_down.weight
316	13	3481600	320	10240	main	blk.5.hc_ffn_up.weight
318	13	163840	10240	4	main	blk.5.hc_ffn_inject.weight
323	13	5242880	2560	512	main	blk.5.ffn_gate_inp.weight
332	13	1126400	2560	640	main	blk.5.ffn_gate_shexp.weight
333	13	1126400	2560	640	main	blk.5.ffn_up_shexp.weight
336	13	1740800	640	2560	main	blk.5.ffn_down_shexp.weight
343	14	3481600	10240	320	main	blk.6.hc_attn_down.weight
346	14	3481600	320	10240	main	blk.6.hc_attn_up.weight
348	14	163840	10240	4	main	blk.6.hc_attn_inject.weight
354	14	18022400	2560	10240	split	blk.6.attn_qkv.weight
361	14	10813440	2560	6144	split	blk.6.attn_gate.weight
364	14	12902400	6144	2560	split	blk.6.ssm_out.weight
368	15	3481600	10240	320	main	blk.6.hc_ffn_down.weight
371	15	3481600	320	10240	main	blk.6.hc_ffn_up.weight
373	15	163840	10240	4	main	blk.6.hc_ffn_inject.weight
378	15	5242880	2560	512	main	blk.6.ffn_gate_inp.weight
387	15	1126400	2560	640	main	blk.6.ffn_gate_shexp.weight
388	15	1126400	2560	640	main	blk.6.ffn_up_shexp.weight
391	15	1740800	640	2560	main	blk.6.ffn_down_shexp.weight
398	16	3481600	10240	320	main	blk.7.hc_attn_down.weight
401	16	3481600	320	10240	main	blk.7.hc_attn_up.weight
403	16	163840	10240	4	main	blk.7.hc_attn_inject.weight
408	16	23777280	2560	13312	split	blk.7.attn_q.weight+blk.7.attn_q.weight+blk.7.attn_q.weight+blk.7.attn_q.weight+blk.7.attn_q.weight+blk.7.attn_q.weight+blk.7.attn_q.weight+blk.7.attn_q.weight+blk.7.attn_q.weight+blk.7.attn_q.weight+blk.7.attn_q.weight+blk.7.attn_q.weight+blk.7.attn_q.weight+blk.7.attn_q.weight+blk.7.attn_q.weight+blk.7.attn_q.weight+blk.7.attn_q.weight+blk.7.attn_q.weight+blk.7.attn_q.weight+blk.7.attn_q.weight+blk.7.attn_q.weight+blk.7.attn_q.weight+blk.7.attn_q.weight+blk.7.attn_q.weight+blk.7.attn_k.weight+blk.7.attn_k.weight+blk.7.attn_v.weight+blk.7.attn_q.weight+blk.7.attn_q.weight+blk.7.attn_q.weight+blk.7.attn_q.weight+blk.7.attn_q.weight+blk.7.attn_q.weight+blk.7.attn_q.weight+blk.7.attn_q.weight+blk.7.attn_q.weight+blk.7.attn_q.weight+blk.7.attn_q.weight+blk.7.attn_q.weight+blk.7.attn_q.weight+blk.7.attn_q.weight+blk.7.attn_q.weight+blk.7.attn_q.weight+blk.7.attn_q.weight+blk.7.attn_q.weight+blk.7.attn_q.weight+blk.7.attn_q.weight+blk.7.attn_q.weight+blk.7.attn_q.weight+blk.7.attn_q.weight+blk.7.attn_q.weight
411	16	3276800	2560	640	main	blk.7.indexer.q_proj.weight+blk.7.indexer.q_proj.weight+blk.7.indexer.q_proj.weight+blk.7.indexer.q_proj.weight+blk.7.indexer.k_proj.weight
415	16	10813440	6144	2560	split	blk.7.attn_output.weight
419	17	3481600	10240	320	main	blk.7.hc_ffn_down.weight
422	17	3481600	320	10240	main	blk.7.hc_ffn_up.weight
424	17	163840	10240	4	main	blk.7.hc_ffn_inject.weight
429	17	5242880	2560	512	main	blk.7.ffn_gate_inp.weight
438	17	1126400	2560	640	main	blk.7.ffn_gate_shexp.weight
439	17	1126400	2560	640	main	blk.7.ffn_up_shexp.weight
442	17	1740800	640	2560	main	blk.7.ffn_down_shexp.weight
449	18	3481600	10240	320	main	blk.8.hc_attn_down.weight
452	18	3481600	320	10240	main	blk.8.hc_attn_up.weight
454	18	163840	10240	4	main	blk.8.hc_attn_inject.weight
460	18	18022400	2560	10240	split	blk.8.attn_qkv.weight
467	18	10813440	2560	6144	split	blk.8.attn_gate.weight
470	18	12902400	6144	2560	split	blk.8.ssm_out.weight
474	19	3481600	10240	320	main	blk.8.hc_ffn_down.weight
477	19	3481600	320	10240	main	blk.8.hc_ffn_up.weight
479	19	163840	10240	4	main	blk.8.hc_ffn_inject.weight
484	19	5242880	2560	512	main	blk.8.ffn_gate_inp.weight
493	19	1126400	2560	640	main	blk.8.ffn_gate_shexp.weight
494	19	1126400	2560	640	main	blk.8.ffn_up_shexp.weight
497	19	1740800	640	2560	main	blk.8.ffn_down_shexp.weight
504	20	3481600	10240	320	main	blk.9.hc_attn_down.weight
507	20	3481600	320	10240	main	blk.9.hc_attn_up.weight
509	20	163840	10240	4	main	blk.9.hc_attn_inject.weight
515	20	18022400	2560	10240	split	blk.9.attn_qkv.weight
522	20	10813440	2560	6144	split	blk.9.attn_gate.weight
525	20	12902400	6144	2560	split	blk.9.ssm_out.weight
529	21	3481600	10240	320	main	blk.9.hc_ffn_down.weight
532	21	3481600	320	10240	main	blk.9.hc_ffn_up.weight
534	21	163840	10240	4	main	blk.9.hc_ffn_inject.weight
539	21	5242880	2560	512	main	blk.9.ffn_gate_inp.weight
548	21	1126400	2560	640	main	blk.9.ffn_gate_shexp.weight
549	21	1126400	2560	640	main	blk.9.ffn_up_shexp.weight
552	21	1740800	640	2560	main	blk.9.ffn_down_shexp.weight
559	22	3481600	10240	320	main	blk.10.hc_attn_down.weight
562	22	3481600	320	10240	main	blk.10.hc_attn_up.weight
564	22	163840	10240	4	main	blk.10.hc_attn_inject.weight
570	22	18022400	2560	10240	split	blk.10.attn_qkv.weight
577	22	10813440	2560	6144	split	blk.10.attn_gate.weight
580	22	12902400	6144	2560	split	blk.10.ssm_out.weight
584	23	3481600	10240	320	main	blk.10.hc_ffn_down.weight
587	23	3481600	320	10240	main	blk.10.hc_ffn_up.weight
589	23	163840	10240	4	main	blk.10.hc_ffn_inject.weight
594	23	5242880	2560	512	main	blk.10.ffn_gate_inp.weight
603	23	1126400	2560	640	main	blk.10.ffn_gate_shexp.weight
604	23	1126400	2560	640	main	blk.10.ffn_up_shexp.weight
607	23	1740800	640	2560	main	blk.10.ffn_down_shexp.weight
614	24	3481600	10240	320	main	blk.11.hc_attn_down.weight
617	24	3481600	320	10240	main	blk.11.hc_attn_up.weight
619	24	163840	10240	4	main	blk.11.hc_attn_inject.weight
624	24	23777280	2560	13312	split	blk.11.attn_q.weight+blk.11.attn_q.weight+blk.11.attn_q.weight+blk.11.attn_q.weight+blk.11.attn_q.weight+blk.11.attn_q.weight+blk.11.attn_q.weight+blk.11.attn_q.weight+blk.11.attn_q.weight+blk.11.attn_q.weight+blk.11.attn_q.weight+blk.11.attn_q.weight+blk.11.attn_q.weight+blk.11.attn_q.weight+blk.11.attn_q.weight+blk.11.attn_q.weight+blk.11.attn_q.weight+blk.11.attn_q.weight+blk.11.attn_q.weight+blk.11.attn_q.weight+blk.11.attn_q.weight+blk.11.attn_q.weight+blk.11.attn_q.weight+blk.11.attn_q.weight+blk.11.attn_k.weight+blk.11.attn_k.weight+blk.11.attn_v.weight+blk.11.attn_q.weight+blk.11.attn_q.weight+blk.11.attn_q.weight+blk.11.attn_q.weight+blk.11.attn_q.weight+blk.11.attn_q.weight+blk.11.attn_q.weight+blk.11.attn_q.weight+blk.11.attn_q.weight+blk.11.attn_q.weight+blk.11.attn_q.weight+blk.11.attn_q.weight+blk.11.attn_q.weight+blk.11.attn_q.weight+blk.11.attn_q.weight+blk.11.attn_q.weight+blk.11.attn_q.weight+blk.11.attn_q.weight+blk.11.attn_q.weight+blk.11.attn_q.weight+blk.11.attn_q.weight+blk.11.attn_q.weight+blk.11.attn_q.weight+blk.11.attn_q.weight
627	24	3276800	2560	640	main	blk.11.indexer.q_proj.weight+blk.11.indexer.q_proj.weight+blk.11.indexer.q_proj.weight+blk.11.indexer.q_proj.weight+blk.11.indexer.k_proj.weight
631	24	10813440	6144	2560	split	blk.11.attn_output.weight
635	25	3481600	10240	320	main	blk.11.hc_ffn_down.weight
638	25	3481600	320	10240	main	blk.11.hc_ffn_up.weight
640	25	163840	10240	4	main	blk.11.hc_ffn_inject.weight
645	25	5242880	2560	512	main	blk.11.ffn_gate_inp.weight
654	25	1126400	2560	640	main	blk.11.ffn_gate_shexp.weight
655	25	1126400	2560	640	main	blk.11.ffn_up_shexp.weight
658	25	1740800	640	2560	main	blk.11.ffn_down_shexp.weight
665	26	3481600	10240	320	main	blk.12.hc_attn_down.weight
668	26	3481600	320	10240	main	blk.12.hc_attn_up.weight
670	26	163840	10240	4	main	blk.12.hc_attn_inject.weight
676	26	18022400	2560	10240	split	blk.12.attn_qkv.weight
683	26	10813440	2560	6144	split	blk.12.attn_gate.weight
686	26	12902400	6144	2560	split	blk.12.ssm_out.weight
690	27	3481600	10240	320	main	blk.12.hc_ffn_down.weight
693	27	3481600	320	10240	main	blk.12.hc_ffn_up.weight
695	27	163840	10240	4	main	blk.12.hc_ffn_inject.weight
700	27	5242880	2560	512	main	blk.12.ffn_gate_inp.weight
709	27	1126400	2560	640	main	blk.12.ffn_gate_shexp.weight
710	27	1126400	2560	640	main	blk.12.ffn_up_shexp.weight
713	27	1740800	640	2560	main	blk.12.ffn_down_shexp.weight
720	28	3481600	10240	320	main	blk.13.hc_attn_down.weight
723	28	3481600	320	10240	main	blk.13.hc_attn_up.weight
725	28	163840	10240	4	main	blk.13.hc_attn_inject.weight
731	28	18022400	2560	10240	split	blk.13.attn_qkv.weight
738	28	10813440	2560	6144	split	blk.13.attn_gate.weight
741	28	12902400	6144	2560	split	blk.13.ssm_out.weight
745	29	3481600	10240	320	main	blk.13.hc_ffn_down.weight
748	29	3481600	320	10240	main	blk.13.hc_ffn_up.weight
750	29	163840	10240	4	main	blk.13.hc_ffn_inject.weight
755	29	5242880	2560	512	main	blk.13.ffn_gate_inp.weight
764	29	1126400	2560	640	main	blk.13.ffn_gate_shexp.weight
765	29	1126400	2560	640	main	blk.13.ffn_up_shexp.weight
768	29	1740800	640	2560	main	blk.13.ffn_down_shexp.weight
775	30	3481600	10240	320	main	blk.14.hc_attn_down.weight
778	30	3481600	320	10240	main	blk.14.hc_attn_up.weight
780	30	163840	10240	4	main	blk.14.hc_attn_inject.weight
786	30	18022400	2560	10240	split	blk.14.attn_qkv.weight
793	30	10813440	2560	6144	split	blk.14.attn_gate.weight
796	30	12902400	6144	2560	split	blk.14.ssm_out.weight
800	31	3481600	10240	320	main	blk.14.hc_ffn_down.weight
803	31	3481600	320	10240	main	blk.14.hc_ffn_up.weight
805	31	163840	10240	4	main	blk.14.hc_ffn_inject.weight
810	31	5242880	2560	512	main	blk.14.ffn_gate_inp.weight
819	31	1126400	2560	640	main	blk.14.ffn_gate_shexp.weight
820	31	1126400	2560	640	main	blk.14.ffn_up_shexp.weight
823	31	1740800	640	2560	main	blk.14.ffn_down_shexp.weight
830	32	3481600	10240	320	main	blk.15.hc_attn_down.weight
833	32	3481600	320	10240	main	blk.15.hc_attn_up.weight
835	32	163840	10240	4	main	blk.15.hc_attn_inject.weight
840	32	23777280	2560	13312	split	blk.15.attn_q.weight+blk.15.attn_q.weight+blk.15.attn_q.weight+blk.15.attn_q.weight+blk.15.attn_q.weight+blk.15.attn_q.weight+blk.15.attn_q.weight+blk.15.attn_q.weight+blk.15.attn_q.weight+blk.15.attn_q.weight+blk.15.attn_q.weight+blk.15.attn_q.weight+blk.15.attn_q.weight+blk.15.attn_q.weight+blk.15.attn_q.weight+blk.15.attn_q.weight+blk.15.attn_q.weight+blk.15.attn_q.weight+blk.15.attn_q.weight+blk.15.attn_q.weight+blk.15.attn_q.weight+blk.15.attn_q.weight+blk.15.attn_q.weight+blk.15.attn_q.weight+blk.15.attn_k.weight+blk.15.attn_k.weight+blk.15.attn_v.weight+blk.15.attn_q.weight+blk.15.attn_q.weight+blk.15.attn_q.weight+blk.15.attn_q.weight+blk.15.attn_q.weight+blk.15.attn_q.weight+blk.15.attn_q.weight+blk.15.attn_q.weight+blk.15.attn_q.weight+blk.15.attn_q.weight+blk.15.attn_q.weight+blk.15.attn_q.weight+blk.15.attn_q.weight+blk.15.attn_q.weight+blk.15.attn_q.weight+blk.15.attn_q.weight+blk.15.attn_q.weight+blk.15.attn_q.weight+blk.15.attn_q.weight+blk.15.attn_q.weight+blk.15.attn_q.weight+blk.15.attn_q.weight+blk.15.attn_q.weight+blk.15.attn_q.weight
843	32	3276800	2560	640	main	blk.15.indexer.q_proj.weight+blk.15.indexer.q_proj.weight+blk.15.indexer.q_proj.weight+blk.15.indexer.q_proj.weight+blk.15.indexer.k_proj.weight
847	32	10813440	6144	2560	split	blk.15.attn_output.weight
851	33	3481600	10240	320	main	blk.15.hc_ffn_down.weight
854	33	3481600	320	10240	main	blk.15.hc_ffn_up.weight
856	33	163840	10240	4	main	blk.15.hc_ffn_inject.weight
861	33	5242880	2560	512	main	blk.15.ffn_gate_inp.weight
870	33	1126400	2560	640	main	blk.15.ffn_gate_shexp.weight
871	33	1126400	2560	640	main	blk.15.ffn_up_shexp.weight
874	33	1740800	640	2560	main	blk.15.ffn_down_shexp.weight
881	34	3481600	10240	320	main	blk.16.hc_attn_down.weight
884	34	3481600	320	10240	main	blk.16.hc_attn_up.weight
886	34	163840	10240	4	main	blk.16.hc_attn_inject.weight
892	34	18022400	2560	10240	split	blk.16.attn_qkv.weight
899	34	10813440	2560	6144	split	blk.16.attn_gate.weight
902	34	12902400	6144	2560	split	blk.16.ssm_out.weight
906	35	3481600	10240	320	main	blk.16.hc_ffn_down.weight
909	35	3481600	320	10240	main	blk.16.hc_ffn_up.weight
911	35	163840	10240	4	main	blk.16.hc_ffn_inject.weight
916	35	5242880	2560	512	main	blk.16.ffn_gate_inp.weight
925	35	1126400	2560	640	main	blk.16.ffn_gate_shexp.weight
926	35	1126400	2560	640	main	blk.16.ffn_up_shexp.weight
929	35	1740800	640	2560	main	blk.16.ffn_down_shexp.weight
936	36	3481600	10240	320	main	blk.17.hc_attn_down.weight
939	36	3481600	320	10240	main	blk.17.hc_attn_up.weight
941	36	163840	10240	4	main	blk.17.hc_attn_inject.weight
947	36	18022400	2560	10240	split	blk.17.attn_qkv.weight
954	36	10813440	2560	6144	split	blk.17.attn_gate.weight
957	36	12902400	6144	2560	split	blk.17.ssm_out.weight
961	37	3481600	10240	320	main	blk.17.hc_ffn_down.weight
964	37	3481600	320	10240	main	blk.17.hc_ffn_up.weight
966	37	163840	10240	4	main	blk.17.hc_ffn_inject.weight
971	37	5242880	2560	512	main	blk.17.ffn_gate_inp.weight
980	37	1126400	2560	640	main	blk.17.ffn_gate_shexp.weight
981	37	1126400	2560	640	main	blk.17.ffn_up_shexp.weight
984	37	1740800	640	2560	main	blk.17.ffn_down_shexp.weight
991	38	3481600	10240	320	main	blk.18.hc_attn_down.weight
994	38	3481600	320	10240	main	blk.18.hc_attn_up.weight
996	38	163840	10240	4	main	blk.18.hc_attn_inject.weight
1002	38	18022400	2560	10240	split	blk.18.attn_qkv.weight
1009	38	10813440	2560	6144	split	blk.18.attn_gate.weight
1012	38	12902400	6144	2560	split	blk.18.ssm_out.weight
1016	39	3481600	10240	320	main	blk.18.hc_ffn_down.weight
1019	39	3481600	320	10240	main	blk.18.hc_ffn_up.weight
1021	39	163840	10240	4	main	blk.18.hc_ffn_inject.weight
1026	39	5242880	2560	512	main	blk.18.ffn_gate_inp.weight
1035	39	1126400	2560	640	main	blk.18.ffn_gate_shexp.weight
1036	39	1126400	2560	640	main	blk.18.ffn_up_shexp.weight
1039	39	1740800	640	2560	main	blk.18.ffn_down_shexp.weight
1046	40	3481600	10240	320	main	blk.19.hc_attn_down.weight
1049	40	3481600	320	10240	main	blk.19.hc_attn_up.weight
1051	40	163840	10240	4	main	blk.19.hc_attn_inject.weight
1056	40	23777280	2560	13312	split	blk.19.attn_q.weight+blk.19.attn_q.weight+blk.19.attn_q.weight+blk.19.attn_q.weight+blk.19.attn_q.weight+blk.19.attn_q.weight+blk.19.attn_q.weight+blk.19.attn_q.weight+blk.19.attn_q.weight+blk.19.attn_q.weight+blk.19.attn_q.weight+blk.19.attn_q.weight+blk.19.attn_q.weight+blk.19.attn_q.weight+blk.19.attn_q.weight+blk.19.attn_q.weight+blk.19.attn_q.weight+blk.19.attn_q.weight+blk.19.attn_q.weight+blk.19.attn_q.weight+blk.19.attn_q.weight+blk.19.attn_q.weight+blk.19.attn_q.weight+blk.19.attn_q.weight+blk.19.attn_k.weight+blk.19.attn_k.weight+blk.19.attn_v.weight+blk.19.attn_q.weight+blk.19.attn_q.weight+blk.19.attn_q.weight+blk.19.attn_q.weight+blk.19.attn_q.weight+blk.19.attn_q.weight+blk.19.attn_q.weight+blk.19.attn_q.weight+blk.19.attn_q.weight+blk.19.attn_q.weight+blk.19.attn_q.weight+blk.19.attn_q.weight+blk.19.attn_q.weight+blk.19.attn_q.weight+blk.19.attn_q.weight+blk.19.attn_q.weight+blk.19.attn_q.weight+blk.19.attn_q.weight+blk.19.attn_q.weight+blk.19.attn_q.weight+blk.19.attn_q.weight+blk.19.attn_q.weight+blk.19.attn_q.weight+blk.19.attn_q.weight
1059	40	3276800	2560	640	main	blk.19.indexer.q_proj.weight+blk.19.indexer.q_proj.weight+blk.19.indexer.q_proj.weight+blk.19.indexer.q_proj.weight+blk.19.indexer.k_proj.weight
1063	40	10813440	6144	2560	split	blk.19.attn_output.weight
1067	41	3481600	10240	320	main	blk.19.hc_ffn_down.weight
1070	41	3481600	320	10240	main	blk.19.hc_ffn_up.weight
1072	41	163840	10240	4	main	blk.19.hc_ffn_inject.weight
1077	41	5242880	2560	512	main	blk.19.ffn_gate_inp.weight
1086	41	1126400	2560	640	main	blk.19.ffn_gate_shexp.weight
1087	41	1126400	2560	640	main	blk.19.ffn_up_shexp.weight
1090	41	1740800	640	2560	main	blk.19.ffn_down_shexp.weight
1097	42	3481600	10240	320	main	blk.20.hc_attn_down.weight
1100	42	3481600	320	10240	main	blk.20.hc_attn_up.weight
1102	42	163840	10240	4	main	blk.20.hc_attn_inject.weight
1108	42	18022400	2560	10240	split	blk.20.attn_qkv.weight
1115	42	10813440	2560	6144	split	blk.20.attn_gate.weight
1118	42	12902400	6144	2560	split	blk.20.ssm_out.weight
1122	43	3481600	10240	320	main	blk.20.hc_ffn_down.weight
1125	43	3481600	320	10240	main	blk.20.hc_ffn_up.weight
1127	43	163840	10240	4	main	blk.20.hc_ffn_inject.weight
1132	43	5242880	2560	512	main	blk.20.ffn_gate_inp.weight
1141	43	1126400	2560	640	main	blk.20.ffn_gate_shexp.weight
1142	43	1126400	2560	640	main	blk.20.ffn_up_shexp.weight
1145	43	1740800	640	2560	main	blk.20.ffn_down_shexp.weight
1152	44	3481600	10240	320	main	blk.21.hc_attn_down.weight
1155	44	3481600	320	10240	main	blk.21.hc_attn_up.weight
1157	44	163840	10240	4	main	blk.21.hc_attn_inject.weight
1163	44	18022400	2560	10240	split	blk.21.attn_qkv.weight
1170	44	10813440	2560	6144	split	blk.21.attn_gate.weight
1173	44	12902400	6144	2560	split	blk.21.ssm_out.weight
1177	45	3481600	10240	320	main	blk.21.hc_ffn_down.weight
1180	45	3481600	320	10240	main	blk.21.hc_ffn_up.weight
1182	45	163840	10240	4	main	blk.21.hc_ffn_inject.weight
1187	45	5242880	2560	512	main	blk.21.ffn_gate_inp.weight
1196	45	1126400	2560	640	main	blk.21.ffn_gate_shexp.weight
1197	45	1126400	2560	640	main	blk.21.ffn_up_shexp.weight
1200	45	1740800	640	2560	main	blk.21.ffn_down_shexp.weight
1207	46	3481600	10240	320	main	blk.22.hc_attn_down.weight
1210	46	3481600	320	10240	main	blk.22.hc_attn_up.weight
1212	46	163840	10240	4	main	blk.22.hc_attn_inject.weight
1218	46	18022400	2560	10240	split	blk.22.attn_qkv.weight
1225	46	10813440	2560	6144	split	blk.22.attn_gate.weight
1228	46	12902400	6144	2560	split	blk.22.ssm_out.weight
1232	47	3481600	10240	320	main	blk.22.hc_ffn_down.weight
1235	47	3481600	320	10240	main	blk.22.hc_ffn_up.weight
1237	47	163840	10240	4	main	blk.22.hc_ffn_inject.weight
1242	47	5242880	2560	512	main	blk.22.ffn_gate_inp.weight
1251	47	1126400	2560	640	main	blk.22.ffn_gate_shexp.weight
1252	47	1126400	2560	640	main	blk.22.ffn_up_shexp.weight
1255	47	1740800	640	2560	main	blk.22.ffn_down_shexp.weight
1262	48	3481600	10240	320	main	blk.23.hc_attn_down.weight
1265	48	3481600	320	10240	main	blk.23.hc_attn_up.weight
1267	48	163840	10240	4	main	blk.23.hc_attn_inject.weight
1272	48	23777280	2560	13312	split	blk.23.attn_q.weight+blk.23.attn_q.weight+blk.23.attn_q.weight+blk.23.attn_q.weight+blk.23.attn_q.weight+blk.23.attn_q.weight+blk.23.attn_q.weight+blk.23.attn_q.weight+blk.23.attn_q.weight+blk.23.attn_q.weight+blk.23.attn_q.weight+blk.23.attn_q.weight+blk.23.attn_q.weight+blk.23.attn_q.weight+blk.23.attn_q.weight+blk.23.attn_q.weight+blk.23.attn_q.weight+blk.23.attn_q.weight+blk.23.attn_q.weight+blk.23.attn_q.weight+blk.23.attn_q.weight+blk.23.attn_q.weight+blk.23.attn_q.weight+blk.23.attn_q.weight+blk.23.attn_k.weight+blk.23.attn_k.weight+blk.23.attn_v.weight+blk.23.attn_q.weight+blk.23.attn_q.weight+blk.23.attn_q.weight+blk.23.attn_q.weight+blk.23.attn_q.weight+blk.23.attn_q.weight+blk.23.attn_q.weight+blk.23.attn_q.weight+blk.23.attn_q.weight+blk.23.attn_q.weight+blk.23.attn_q.weight+blk.23.attn_q.weight+blk.23.attn_q.weight+blk.23.attn_q.weight+blk.23.attn_q.weight+blk.23.attn_q.weight+blk.23.attn_q.weight+blk.23.attn_q.weight+blk.23.attn_q.weight+blk.23.attn_q.weight+blk.23.attn_q.weight+blk.23.attn_q.weight+blk.23.attn_q.weight+blk.23.attn_q.weight
1275	48	3276800	2560	640	main	blk.23.indexer.q_proj.weight+blk.23.indexer.q_proj.weight+blk.23.indexer.q_proj.weight+blk.23.indexer.q_proj.weight+blk.23.indexer.k_proj.weight
1279	48	10813440	6144	2560	split	blk.23.attn_output.weight
1283	49	3481600	10240	320	main	blk.23.hc_ffn_down.weight
1286	49	3481600	320	10240	main	blk.23.hc_ffn_up.weight
1288	49	163840	10240	4	main	blk.23.hc_ffn_inject.weight
1293	49	5242880	2560	512	main	blk.23.ffn_gate_inp.weight
1302	49	1126400	2560	640	main	blk.23.ffn_gate_shexp.weight
1303	49	1126400	2560	640	main	blk.23.ffn_up_shexp.weight
1306	49	1740800	640	2560	main	blk.23.ffn_down_shexp.weight
1313	50	3481600	10240	320	main	blk.24.hc_attn_down.weight
1316	50	3481600	320	10240	main	blk.24.hc_attn_up.weight
1318	50	163840	10240	4	main	blk.24.hc_attn_inject.weight
1324	50	18022400	2560	10240	split	blk.24.attn_qkv.weight
1331	50	10813440	2560	6144	split	blk.24.attn_gate.weight
1334	50	12902400	6144	2560	split	blk.24.ssm_out.weight
1338	51	3481600	10240	320	main	blk.24.hc_ffn_down.weight
1341	51	3481600	320	10240	main	blk.24.hc_ffn_up.weight
1343	51	163840	10240	4	main	blk.24.hc_ffn_inject.weight
1348	51	5242880	2560	512	main	blk.24.ffn_gate_inp.weight
1357	51	1126400	2560	640	main	blk.24.ffn_gate_shexp.weight
1358	51	1126400	2560	640	main	blk.24.ffn_up_shexp.weight
1361	51	1740800	640	2560	main	blk.24.ffn_down_shexp.weight
1368	52	3481600	10240	320	main	blk.25.hc_attn_down.weight
1371	52	3481600	320	10240	main	blk.25.hc_attn_up.weight
1373	52	163840	10240	4	main	blk.25.hc_attn_inject.weight
1379	52	18022400	2560	10240	split	blk.25.attn_qkv.weight
1386	52	10813440	2560	6144	split	blk.25.attn_gate.weight
1389	52	12902400	6144	2560	split	blk.25.ssm_out.weight
1393	53	3481600	10240	320	main	blk.25.hc_ffn_down.weight
1396	53	3481600	320	10240	main	blk.25.hc_ffn_up.weight
1398	53	163840	10240	4	main	blk.25.hc_ffn_inject.weight
1403	53	5242880	2560	512	main	blk.25.ffn_gate_inp.weight
1412	53	1126400	2560	640	main	blk.25.ffn_gate_shexp.weight
1413	53	1126400	2560	640	main	blk.25.ffn_up_shexp.weight
1416	53	1740800	640	2560	main	blk.25.ffn_down_shexp.weight
1423	54	3481600	10240	320	main	blk.26.hc_attn_down.weight
1426	54	3481600	320	10240	main	blk.26.hc_attn_up.weight
1428	54	163840	10240	4	main	blk.26.hc_attn_inject.weight
1434	54	18022400	2560	10240	split	blk.26.attn_qkv.weight
1441	54	10813440	2560	6144	split	blk.26.attn_gate.weight
1444	54	12902400	6144	2560	split	blk.26.ssm_out.weight
1448	55	3481600	10240	320	main	blk.26.hc_ffn_down.weight
1451	55	3481600	320	10240	main	blk.26.hc_ffn_up.weight
1453	55	163840	10240	4	main	blk.26.hc_ffn_inject.weight
1458	55	5242880	2560	512	main	blk.26.ffn_gate_inp.weight
1467	55	1126400	2560	640	main	blk.26.ffn_gate_shexp.weight
1468	55	1126400	2560	640	main	blk.26.ffn_up_shexp.weight
1471	55	1740800	640	2560	main	blk.26.ffn_down_shexp.weight
1478	56	3481600	10240	320	main	blk.27.hc_attn_down.weight
1481	56	3481600	320	10240	main	blk.27.hc_attn_up.weight
1483	56	163840	10240	4	main	blk.27.hc_attn_inject.weight
1488	56	23777280	2560	13312	split	blk.27.attn_q.weight+blk.27.attn_q.weight+blk.27.attn_q.weight+blk.27.attn_q.weight+blk.27.attn_q.weight+blk.27.attn_q.weight+blk.27.attn_q.weight+blk.27.attn_q.weight+blk.27.attn_q.weight+blk.27.attn_q.weight+blk.27.attn_q.weight+blk.27.attn_q.weight+blk.27.attn_q.weight+blk.27.attn_q.weight+blk.27.attn_q.weight+blk.27.attn_q.weight+blk.27.attn_q.weight+blk.27.attn_q.weight+blk.27.attn_q.weight+blk.27.attn_q.weight+blk.27.attn_q.weight+blk.27.attn_q.weight+blk.27.attn_q.weight+blk.27.attn_q.weight+blk.27.attn_k.weight+blk.27.attn_k.weight+blk.27.attn_v.weight+blk.27.attn_q.weight+blk.27.attn_q.weight+blk.27.attn_q.weight+blk.27.attn_q.weight+blk.27.attn_q.weight+blk.27.attn_q.weight+blk.27.attn_q.weight+blk.27.attn_q.weight+blk.27.attn_q.weight+blk.27.attn_q.weight+blk.27.attn_q.weight+blk.27.attn_q.weight+blk.27.attn_q.weight+blk.27.attn_q.weight+blk.27.attn_q.weight+blk.27.attn_q.weight+blk.27.attn_q.weight+blk.27.attn_q.weight+blk.27.attn_q.weight+blk.27.attn_q.weight+blk.27.attn_q.weight+blk.27.attn_q.weight+blk.27.attn_q.weight+blk.27.attn_q.weight
1491	56	3276800	2560	640	main	blk.27.indexer.q_proj.weight+blk.27.indexer.q_proj.weight+blk.27.indexer.q_proj.weight+blk.27.indexer.q_proj.weight+blk.27.indexer.k_proj.weight
1495	56	10813440	6144	2560	split	blk.27.attn_output.weight
1499	57	3481600	10240	320	main	blk.27.hc_ffn_down.weight
1502	57	3481600	320	10240	main	blk.27.hc_ffn_up.weight
1504	57	163840	10240	4	main	blk.27.hc_ffn_inject.weight
1509	57	5242880	2560	512	main	blk.27.ffn_gate_inp.weight
1518	57	1126400	2560	640	main	blk.27.ffn_gate_shexp.weight
1519	57	1126400	2560	640	main	blk.27.ffn_up_shexp.weight
1522	57	1740800	640	2560	main	blk.27.ffn_down_shexp.weight
1529	58	3481600	10240	320	main	blk.28.hc_attn_down.weight
1532	58	3481600	320	10240	main	blk.28.hc_attn_up.weight
1534	58	163840	10240	4	main	blk.28.hc_attn_inject.weight
1540	58	18022400	2560	10240	split	blk.28.attn_qkv.weight
1547	58	10813440	2560	6144	split	blk.28.attn_gate.weight
1550	58	12902400	6144	2560	split	blk.28.ssm_out.weight
1554	59	3481600	10240	320	main	blk.28.hc_ffn_down.weight
1557	59	3481600	320	10240	main	blk.28.hc_ffn_up.weight
1559	59	163840	10240	4	main	blk.28.hc_ffn_inject.weight
1564	59	5242880	2560	512	main	blk.28.ffn_gate_inp.weight
1573	59	1126400	2560	640	main	blk.28.ffn_gate_shexp.weight
1574	59	1126400	2560	640	main	blk.28.ffn_up_shexp.weight
1577	59	1740800	640	2560	main	blk.28.ffn_down_shexp.weight
1584	60	3481600	10240	320	main	blk.29.hc_attn_down.weight
1587	60	3481600	320	10240	main	blk.29.hc_attn_up.weight
1589	60	163840	10240	4	main	blk.29.hc_attn_inject.weight
1595	60	18022400	2560	10240	split	blk.29.attn_qkv.weight
1602	60	10813440	2560	6144	split	blk.29.attn_gate.weight
1605	60	12902400	6144	2560	split	blk.29.ssm_out.weight
1609	61	3481600	10240	320	main	blk.29.hc_ffn_down.weight
1612	61	3481600	320	10240	main	blk.29.hc_ffn_up.weight
1614	61	163840	10240	4	main	blk.29.hc_ffn_inject.weight
1619	61	5242880	2560	512	main	blk.29.ffn_gate_inp.weight
1628	61	1126400	2560	640	main	blk.29.ffn_gate_shexp.weight
1629	61	1126400	2560	640	main	blk.29.ffn_up_shexp.weight
1632	61	1740800	640	2560	main	blk.29.ffn_down_shexp.weight
1639	62	3481600	10240	320	main	blk.30.hc_attn_down.weight
1642	62	3481600	320	10240	main	blk.30.hc_attn_up.weight
1644	62	163840	10240	4	main	blk.30.hc_attn_inject.weight
1650	62	18022400	2560	10240	split	blk.30.attn_qkv.weight
1657	62	10813440	2560	6144	split	blk.30.attn_gate.weight
1660	62	12902400	6144	2560	split	blk.30.ssm_out.weight
1664	63	3481600	10240	320	main	blk.30.hc_ffn_down.weight
1667	63	3481600	320	10240	main	blk.30.hc_ffn_up.weight
1669	63	163840	10240	4	main	blk.30.hc_ffn_inject.weight
1674	63	5242880	2560	512	main	blk.30.ffn_gate_inp.weight
1683	63	1126400	2560	640	main	blk.30.ffn_gate_shexp.weight
1684	63	1126400	2560	640	main	blk.30.ffn_up_shexp.weight
1687	63	1740800	640	2560	main	blk.30.ffn_down_shexp.weight
1694	64	3481600	10240	320	main	blk.31.hc_attn_down.weight
1697	64	3481600	320	10240	main	blk.31.hc_attn_up.weight
1699	64	163840	10240	4	main	blk.31.hc_attn_inject.weight
1704	64	23777280	2560	13312	split	blk.31.attn_q.weight+blk.31.attn_q.weight+blk.31.attn_q.weight+blk.31.attn_q.weight+blk.31.attn_q.weight+blk.31.attn_q.weight+blk.31.attn_q.weight+blk.31.attn_q.weight+blk.31.attn_q.weight+blk.31.attn_q.weight+blk.31.attn_q.weight+blk.31.attn_q.weight+blk.31.attn_q.weight+blk.31.attn_q.weight+blk.31.attn_q.weight+blk.31.attn_q.weight+blk.31.attn_q.weight+blk.31.attn_q.weight+blk.31.attn_q.weight+blk.31.attn_q.weight+blk.31.attn_q.weight+blk.31.attn_q.weight+blk.31.attn_q.weight+blk.31.attn_q.weight+blk.31.attn_k.weight+blk.31.attn_k.weight+blk.31.attn_v.weight+blk.31.attn_q.weight+blk.31.attn_q.weight+blk.31.attn_q.weight+blk.31.attn_q.weight+blk.31.attn_q.weight+blk.31.attn_q.weight+blk.31.attn_q.weight+blk.31.attn_q.weight+blk.31.attn_q.weight+blk.31.attn_q.weight+blk.31.attn_q.weight+blk.31.attn_q.weight+blk.31.attn_q.weight+blk.31.attn_q.weight+blk.31.attn_q.weight+blk.31.attn_q.weight+blk.31.attn_q.weight+blk.31.attn_q.weight+blk.31.attn_q.weight+blk.31.attn_q.weight+blk.31.attn_q.weight+blk.31.attn_q.weight+blk.31.attn_q.weight+blk.31.attn_q.weight
1707	64	3276800	2560	640	main	blk.31.indexer.q_proj.weight+blk.31.indexer.q_proj.weight+blk.31.indexer.q_proj.weight+blk.31.indexer.q_proj.weight+blk.31.indexer.k_proj.weight
1711	64	10813440	6144	2560	split	blk.31.attn_output.weight
1715	65	3481600	10240	320	main	blk.31.hc_ffn_down.weight
1718	65	3481600	320	10240	main	blk.31.hc_ffn_up.weight
1720	65	163840	10240	4	main	blk.31.hc_ffn_inject.weight
1725	65	5242880	2560	512	main	blk.31.ffn_gate_inp.weight
1734	65	1126400	2560	640	main	blk.31.ffn_gate_shexp.weight
1735	65	1126400	2560	640	main	blk.31.ffn_up_shexp.weight
1738	65	1740800	640	2560	main	blk.31.ffn_down_shexp.weight
1745	66	3481600	10240	320	main	blk.32.hc_attn_down.weight
1748	66	3481600	320	10240	main	blk.32.hc_attn_up.weight
1750	66	163840	10240	4	main	blk.32.hc_attn_inject.weight
1756	66	18022400	2560	10240	split	blk.32.attn_qkv.weight
1763	66	10813440	2560	6144	split	blk.32.attn_gate.weight
1766	66	12902400	6144	2560	split	blk.32.ssm_out.weight
1770	67	3481600	10240	320	main	blk.32.hc_ffn_down.weight
1773	67	3481600	320	10240	main	blk.32.hc_ffn_up.weight
1775	67	163840	10240	4	main	blk.32.hc_ffn_inject.weight
1780	67	5242880	2560	512	main	blk.32.ffn_gate_inp.weight
1789	67	1126400	2560	640	main	blk.32.ffn_gate_shexp.weight
1790	67	1126400	2560	640	main	blk.32.ffn_up_shexp.weight
1793	67	1740800	640	2560	main	blk.32.ffn_down_shexp.weight
1800	68	3481600	10240	320	main	blk.33.hc_attn_down.weight
1803	68	3481600	320	10240	main	blk.33.hc_attn_up.weight
1805	68	163840	10240	4	main	blk.33.hc_attn_inject.weight
1811	68	18022400	2560	10240	split	blk.33.attn_qkv.weight
1818	68	10813440	2560	6144	split	blk.33.attn_gate.weight
1821	68	12902400	6144	2560	split	blk.33.ssm_out.weight
1825	69	3481600	10240	320	main	blk.33.hc_ffn_down.weight
1828	69	3481600	320	10240	main	blk.33.hc_ffn_up.weight
1830	69	163840	10240	4	main	blk.33.hc_ffn_inject.weight
1835	69	5242880	2560	512	main	blk.33.ffn_gate_inp.weight
1844	69	1126400	2560	640	main	blk.33.ffn_gate_shexp.weight
1845	69	1126400	2560	640	main	blk.33.ffn_up_shexp.weight
1848	69	1740800	640	2560	main	blk.33.ffn_down_shexp.weight
1855	70	3481600	10240	320	main	blk.34.hc_attn_down.weight
1858	70	3481600	320	10240	main	blk.34.hc_attn_up.weight
1860	70	163840	10240	4	main	blk.34.hc_attn_inject.weight
1866	70	18022400	2560	10240	split	blk.34.attn_qkv.weight
1873	70	10813440	2560	6144	split	blk.34.attn_gate.weight
1876	70	12902400	6144	2560	split	blk.34.ssm_out.weight
1880	71	3481600	10240	320	main	blk.34.hc_ffn_down.weight
1883	71	3481600	320	10240	main	blk.34.hc_ffn_up.weight
1885	71	163840	10240	4	main	blk.34.hc_ffn_inject.weight
1890	71	5242880	2560	512	main	blk.34.ffn_gate_inp.weight
1899	71	1126400	2560	640	main	blk.34.ffn_gate_shexp.weight
1900	71	1126400	2560	640	main	blk.34.ffn_up_shexp.weight
1903	71	1740800	640	2560	main	blk.34.ffn_down_shexp.weight
1910	72	3481600	10240	320	main	blk.35.hc_attn_down.weight
1913	72	3481600	320	10240	main	blk.35.hc_attn_up.weight
1915	72	163840	10240	4	main	blk.35.hc_attn_inject.weight
1920	72	23777280	2560	13312	split	blk.35.attn_q.weight+blk.35.attn_q.weight+blk.35.attn_q.weight+blk.35.attn_q.weight+blk.35.attn_q.weight+blk.35.attn_q.weight+blk.35.attn_q.weight+blk.35.attn_q.weight+blk.35.attn_q.weight+blk.35.attn_q.weight+blk.35.attn_q.weight+blk.35.attn_q.weight+blk.35.attn_q.weight+blk.35.attn_q.weight+blk.35.attn_q.weight+blk.35.attn_q.weight+blk.35.attn_q.weight+blk.35.attn_q.weight+blk.35.attn_q.weight+blk.35.attn_q.weight+blk.35.attn_q.weight+blk.35.attn_q.weight+blk.35.attn_q.weight+blk.35.attn_q.weight+blk.35.attn_k.weight+blk.35.attn_k.weight+blk.35.attn_v.weight+blk.35.attn_q.weight+blk.35.attn_q.weight+blk.35.attn_q.weight+blk.35.attn_q.weight+blk.35.attn_q.weight+blk.35.attn_q.weight+blk.35.attn_q.weight+blk.35.attn_q.weight+blk.35.attn_q.weight+blk.35.attn_q.weight+blk.35.attn_q.weight+blk.35.attn_q.weight+blk.35.attn_q.weight+blk.35.attn_q.weight+blk.35.attn_q.weight+blk.35.attn_q.weight+blk.35.attn_q.weight+blk.35.attn_q.weight+blk.35.attn_q.weight+blk.35.attn_q.weight+blk.35.attn_q.weight+blk.35.attn_q.weight+blk.35.attn_q.weight+blk.35.attn_q.weight
1923	72	3276800	2560	640	main	blk.35.indexer.q_proj.weight+blk.35.indexer.q_proj.weight+blk.35.indexer.q_proj.weight+blk.35.indexer.q_proj.weight+blk.35.indexer.k_proj.weight
1927	72	10813440	6144	2560	split	blk.35.attn_output.weight
1931	73	3481600	10240	320	main	blk.35.hc_ffn_down.weight
1934	73	3481600	320	10240	main	blk.35.hc_ffn_up.weight
1936	73	163840	10240	4	main	blk.35.hc_ffn_inject.weight
1941	73	5242880	2560	512	main	blk.35.ffn_gate_inp.weight
1950	73	1126400	2560	640	main	blk.35.ffn_gate_shexp.weight
1951	73	1126400	2560	640	main	blk.35.ffn_up_shexp.weight
1954	73	1740800	640	2560	main	blk.35.ffn_down_shexp.weight
1961	74	3481600	10240	320	main	blk.36.hc_attn_down.weight
1964	74	3481600	320	10240	main	blk.36.hc_attn_up.weight
1966	74	163840	10240	4	main	blk.36.hc_attn_inject.weight
1972	74	18022400	2560	10240	split	blk.36.attn_qkv.weight
1979	74	10813440	2560	6144	split	blk.36.attn_gate.weight
1982	74	12902400	6144	2560	split	blk.36.ssm_out.weight
1986	75	3481600	10240	320	main	blk.36.hc_ffn_down.weight
1989	75	3481600	320	10240	main	blk.36.hc_ffn_up.weight
1991	75	163840	10240	4	main	blk.36.hc_ffn_inject.weight
1996	75	5242880	2560	512	main	blk.36.ffn_gate_inp.weight
2005	75	1126400	2560	640	main	blk.36.ffn_gate_shexp.weight
2006	75	1126400	2560	640	main	blk.36.ffn_up_shexp.weight
2009	75	1740800	640	2560	main	blk.36.ffn_down_shexp.weight
2016	76	3481600	10240	320	main	blk.37.hc_attn_down.weight
2019	76	3481600	320	10240	main	blk.37.hc_attn_up.weight
2021	76	163840	10240	4	main	blk.37.hc_attn_inject.weight
2027	76	18022400	2560	10240	split	blk.37.attn_qkv.weight
2034	76	10813440	2560	6144	split	blk.37.attn_gate.weight
2037	76	12902400	6144	2560	split	blk.37.ssm_out.weight
2041	77	3481600	10240	320	main	blk.37.hc_ffn_down.weight
2044	77	3481600	320	10240	main	blk.37.hc_ffn_up.weight
2046	77	163840	10240	4	main	blk.37.hc_ffn_inject.weight
2051	77	5242880	2560	512	main	blk.37.ffn_gate_inp.weight
2060	77	1126400	2560	640	main	blk.37.ffn_gate_shexp.weight
2061	77	1126400	2560	640	main	blk.37.ffn_up_shexp.weight
2064	77	1740800	640	2560	main	blk.37.ffn_down_shexp.weight
2071	78	3481600	10240	320	main	blk.38.hc_attn_down.weight
2074	78	3481600	320	10240	main	blk.38.hc_attn_up.weight
2076	78	163840	10240	4	main	blk.38.hc_attn_inject.weight
2082	78	18022400	2560	10240	split	blk.38.attn_qkv.weight
2089	78	10813440	2560	6144	split	blk.38.attn_gate.weight
2092	78	12902400	6144	2560	split	blk.38.ssm_out.weight
2096	79	3481600	10240	320	main	blk.38.hc_ffn_down.weight
2099	79	3481600	320	10240	main	blk.38.hc_ffn_up.weight
2101	79	163840	10240	4	main	blk.38.hc_ffn_inject.weight
2106	79	5242880	2560	512	main	blk.38.ffn_gate_inp.weight
2115	79	1126400	2560	640	main	blk.38.ffn_gate_shexp.weight
2116	79	1126400	2560	640	main	blk.38.ffn_up_shexp.weight
2119	79	1740800	640	2560	main	blk.38.ffn_down_shexp.weight
2126	80	3481600	10240	320	main	blk.39.hc_attn_down.weight
2129	80	3481600	320	10240	main	blk.39.hc_attn_up.weight
2131	80	163840	10240	4	main	blk.39.hc_attn_inject.weight
2136	80	23777280	2560	13312	split	blk.39.attn_q.weight+blk.39.attn_q.weight+blk.39.attn_q.weight+blk.39.attn_q.weight+blk.39.attn_q.weight+blk.39.attn_q.weight+blk.39.attn_q.weight+blk.39.attn_q.weight+blk.39.attn_q.weight+blk.39.attn_q.weight+blk.39.attn_q.weight+blk.39.attn_q.weight+blk.39.attn_q.weight+blk.39.attn_q.weight+blk.39.attn_q.weight+blk.39.attn_q.weight+blk.39.attn_q.weight+blk.39.attn_q.weight+blk.39.attn_q.weight+blk.39.attn_q.weight+blk.39.attn_q.weight+blk.39.attn_q.weight+blk.39.attn_q.weight+blk.39.attn_q.weight+blk.39.attn_k.weight+blk.39.attn_k.weight+blk.39.attn_v.weight+blk.39.attn_q.weight+blk.39.attn_q.weight+blk.39.attn_q.weight+blk.39.attn_q.weight+blk.39.attn_q.weight+blk.39.attn_q.weight+blk.39.attn_q.weight+blk.39.attn_q.weight+blk.39.attn_q.weight+blk.39.attn_q.weight+blk.39.attn_q.weight+blk.39.attn_q.weight+blk.39.attn_q.weight+blk.39.attn_q.weight+blk.39.attn_q.weight+blk.39.attn_q.weight+blk.39.attn_q.weight+blk.39.attn_q.weight+blk.39.attn_q.weight+blk.39.attn_q.weight+blk.39.attn_q.weight+blk.39.attn_q.weight+blk.39.attn_q.weight+blk.39.attn_q.weight
2139	80	3276800	2560	640	main	blk.39.indexer.q_proj.weight+blk.39.indexer.q_proj.weight+blk.39.indexer.q_proj.weight+blk.39.indexer.q_proj.weight+blk.39.indexer.k_proj.weight
2143	80	10813440	6144	2560	split	blk.39.attn_output.weight
2147	81	3481600	10240	320	main	blk.39.hc_ffn_down.weight
2150	81	3481600	320	10240	main	blk.39.hc_ffn_up.weight
2152	81	163840	10240	4	main	blk.39.hc_ffn_inject.weight
2157	81	5242880	2560	512	main	blk.39.ffn_gate_inp.weight
2166	81	1126400	2560	640	main	blk.39.ffn_gate_shexp.weight
2167	81	1126400	2560	640	main	blk.39.ffn_up_shexp.weight
2170	81	1740800	640	2560	main	blk.39.ffn_down_shexp.weight
2177	82	3481600	10240	320	main	blk.40.hc_attn_down.weight
2180	82	3481600	320	10240	main	blk.40.hc_attn_up.weight
2182	82	163840	10240	4	main	blk.40.hc_attn_inject.weight
2188	82	18022400	2560	10240	split	blk.40.attn_qkv.weight
2195	82	10813440	2560	6144	split	blk.40.attn_gate.weight
2198	82	12902400	6144	2560	split	blk.40.ssm_out.weight
2202	83	3481600	10240	320	main	blk.40.hc_ffn_down.weight
2205	83	3481600	320	10240	main	blk.40.hc_ffn_up.weight
2207	83	163840	10240	4	main	blk.40.hc_ffn_inject.weight
2212	83	5242880	2560	512	main	blk.40.ffn_gate_inp.weight
2221	83	1126400	2560	640	main	blk.40.ffn_gate_shexp.weight
2222	83	1126400	2560	640	main	blk.40.ffn_up_shexp.weight
2225	83	1740800	640	2560	main	blk.40.ffn_down_shexp.weight
2232	84	3481600	10240	320	main	blk.41.hc_attn_down.weight
2235	84	3481600	320	10240	main	blk.41.hc_attn_up.weight
2237	84	163840	10240	4	main	blk.41.hc_attn_inject.weight
2243	84	18022400	2560	10240	split	blk.41.attn_qkv.weight
2250	84	10813440	2560	6144	split	blk.41.attn_gate.weight
2253	84	12902400	6144	2560	split	blk.41.ssm_out.weight
2257	85	3481600	10240	320	main	blk.41.hc_ffn_down.weight
2260	85	3481600	320	10240	main	blk.41.hc_ffn_up.weight
2262	85	163840	10240	4	main	blk.41.hc_ffn_inject.weight
2267	85	5242880	2560	512	main	blk.41.ffn_gate_inp.weight
2276	85	1126400	2560	640	main	blk.41.ffn_gate_shexp.weight
2277	85	1126400	2560	640	main	blk.41.ffn_up_shexp.weight
2280	85	1740800	640	2560	main	blk.41.ffn_down_shexp.weight
2287	86	3481600	10240	320	main	blk.42.hc_attn_down.weight
2290	86	3481600	320	10240	main	blk.42.hc_attn_up.weight
2292	86	163840	10240	4	main	blk.42.hc_attn_inject.weight
2298	86	18022400	2560	10240	split	blk.42.attn_qkv.weight
2305	86	10813440	2560	6144	split	blk.42.attn_gate.weight
2308	86	12902400	6144	2560	split	blk.42.ssm_out.weight
2312	87	3481600	10240	320	main	blk.42.hc_ffn_down.weight
2315	87	3481600	320	10240	main	blk.42.hc_ffn_up.weight
2317	87	163840	10240	4	main	blk.42.hc_ffn_inject.weight
2322	87	5242880	2560	512	main	blk.42.ffn_gate_inp.weight
2331	87	1126400	2560	640	main	blk.42.ffn_gate_shexp.weight
2332	87	1126400	2560	640	main	blk.42.ffn_up_shexp.weight
2335	87	1740800	640	2560	main	blk.42.ffn_down_shexp.weight
2342	88	3481600	10240	320	main	blk.43.hc_attn_down.weight
2345	88	3481600	320	10240	main	blk.43.hc_attn_up.weight
2347	88	163840	10240	4	main	blk.43.hc_attn_inject.weight
2352	88	23777280	2560	13312	split	blk.43.attn_q.weight+blk.43.attn_q.weight+blk.43.attn_q.weight+blk.43.attn_q.weight+blk.43.attn_q.weight+blk.43.attn_q.weight+blk.43.attn_q.weight+blk.43.attn_q.weight+blk.43.attn_q.weight+blk.43.attn_q.weight+blk.43.attn_q.weight+blk.43.attn_q.weight+blk.43.attn_q.weight+blk.43.attn_q.weight+blk.43.attn_q.weight+blk.43.attn_q.weight+blk.43.attn_q.weight+blk.43.attn_q.weight+blk.43.attn_q.weight+blk.43.attn_q.weight+blk.43.attn_q.weight+blk.43.attn_q.weight+blk.43.attn_q.weight+blk.43.attn_q.weight+blk.43.attn_k.weight+blk.43.attn_k.weight+blk.43.attn_v.weight+blk.43.attn_q.weight+blk.43.attn_q.weight+blk.43.attn_q.weight+blk.43.attn_q.weight+blk.43.attn_q.weight+blk.43.attn_q.weight+blk.43.attn_q.weight+blk.43.attn_q.weight+blk.43.attn_q.weight+blk.43.attn_q.weight+blk.43.attn_q.weight+blk.43.attn_q.weight+blk.43.attn_q.weight+blk.43.attn_q.weight+blk.43.attn_q.weight+blk.43.attn_q.weight+blk.43.attn_q.weight+blk.43.attn_q.weight+blk.43.attn_q.weight+blk.43.attn_q.weight+blk.43.attn_q.weight+blk.43.attn_q.weight+blk.43.attn_q.weight+blk.43.attn_q.weight
2355	88	3276800	2560	640	main	blk.43.indexer.q_proj.weight+blk.43.indexer.q_proj.weight+blk.43.indexer.q_proj.weight+blk.43.indexer.q_proj.weight+blk.43.indexer.k_proj.weight
2359	88	10813440	6144	2560	split	blk.43.attn_output.weight
2363	89	3481600	10240	320	main	blk.43.hc_ffn_down.weight
2366	89	3481600	320	10240	main	blk.43.hc_ffn_up.weight
2368	89	163840	10240	4	main	blk.43.hc_ffn_inject.weight
2373	89	5242880	2560	512	main	blk.43.ffn_gate_inp.weight
2382	89	1126400	2560	640	main	blk.43.ffn_gate_shexp.weight
2383	89	1126400	2560	640	main	blk.43.ffn_up_shexp.weight
2386	89	1740800	640	2560	main	blk.43.ffn_down_shexp.weight
2393	90	3481600	10240	320	main	blk.44.hc_attn_down.weight
2396	90	3481600	320	10240	main	blk.44.hc_attn_up.weight
2398	90	163840	10240	4	main	blk.44.hc_attn_inject.weight
2404	90	18022400	2560	10240	split	blk.44.attn_qkv.weight
2411	90	10813440	2560	6144	split	blk.44.attn_gate.weight
2414	90	12902400	6144	2560	split	blk.44.ssm_out.weight
2418	91	3481600	10240	320	main	blk.44.hc_ffn_down.weight
2421	91	3481600	320	10240	main	blk.44.hc_ffn_up.weight
2423	91	163840	10240	4	main	blk.44.hc_ffn_inject.weight
2428	91	5242880	2560	512	main	blk.44.ffn_gate_inp.weight
2437	91	1126400	2560	640	main	blk.44.ffn_gate_shexp.weight
2438	91	1126400	2560	640	main	blk.44.ffn_up_shexp.weight
2441	91	1740800	640	2560	main	blk.44.ffn_down_shexp.weight
2448	92	3481600	10240	320	main	blk.45.hc_attn_down.weight
2451	92	3481600	320	10240	main	blk.45.hc_attn_up.weight
2453	92	163840	10240	4	main	blk.45.hc_attn_inject.weight
2459	92	18022400	2560	10240	split	blk.45.attn_qkv.weight
2466	92	10813440	2560	6144	split	blk.45.attn_gate.weight
2469	92	12902400	6144	2560	split	blk.45.ssm_out.weight
2473	93	3481600	10240	320	main	blk.45.hc_ffn_down.weight
2476	93	3481600	320	10240	main	blk.45.hc_ffn_up.weight
2478	93	163840	10240	4	main	blk.45.hc_ffn_inject.weight
2483	93	5242880	2560	512	main	blk.45.ffn_gate_inp.weight
2492	93	1126400	2560	640	main	blk.45.ffn_gate_shexp.weight
2493	93	1126400	2560	640	main	blk.45.ffn_up_shexp.weight
2496	93	1740800	640	2560	main	blk.45.ffn_down_shexp.weight
2503	94	3481600	10240	320	main	blk.46.hc_attn_down.weight
2506	94	3481600	320	10240	main	blk.46.hc_attn_up.weight
2508	94	163840	10240	4	main	blk.46.hc_attn_inject.weight
2514	94	18022400	2560	10240	split	blk.46.attn_qkv.weight
2521	94	10813440	2560	6144	split	blk.46.attn_gate.weight
2524	94	12902400	6144	2560	split	blk.46.ssm_out.weight
2528	95	3481600	10240	320	main	blk.46.hc_ffn_down.weight
2531	95	3481600	320	10240	main	blk.46.hc_ffn_up.weight
2533	95	163840	10240	4	main	blk.46.hc_ffn_inject.weight
2538	95	5242880	2560	512	main	blk.46.ffn_gate_inp.weight
2547	95	1126400	2560	640	main	blk.46.ffn_gate_shexp.weight
2548	95	1126400	2560	640	main	blk.46.ffn_up_shexp.weight
2551	95	1740800	640	2560	main	blk.46.ffn_down_shexp.weight
2558	96	3481600	10240	320	main	blk.47.hc_attn_down.weight
2561	96	3481600	320	10240	main	blk.47.hc_attn_up.weight
2563	96	163840	10240	4	main	blk.47.hc_attn_inject.weight
2568	96	23777280	2560	13312	split	blk.47.attn_q.weight+blk.47.attn_q.weight+blk.47.attn_q.weight+blk.47.attn_q.weight+blk.47.attn_q.weight+blk.47.attn_q.weight+blk.47.attn_q.weight+blk.47.attn_q.weight+blk.47.attn_q.weight+blk.47.attn_q.weight+blk.47.attn_q.weight+blk.47.attn_q.weight+blk.47.attn_q.weight+blk.47.attn_q.weight+blk.47.attn_q.weight+blk.47.attn_q.weight+blk.47.attn_q.weight+blk.47.attn_q.weight+blk.47.attn_q.weight+blk.47.attn_q.weight+blk.47.attn_q.weight+blk.47.attn_q.weight+blk.47.attn_q.weight+blk.47.attn_q.weight+blk.47.attn_k.weight+blk.47.attn_k.weight+blk.47.attn_v.weight+blk.47.attn_q.weight+blk.47.attn_q.weight+blk.47.attn_q.weight+blk.47.attn_q.weight+blk.47.attn_q.weight+blk.47.attn_q.weight+blk.47.attn_q.weight+blk.47.attn_q.weight+blk.47.attn_q.weight+blk.47.attn_q.weight+blk.47.attn_q.weight+blk.47.attn_q.weight+blk.47.attn_q.weight+blk.47.attn_q.weight+blk.47.attn_q.weight+blk.47.attn_q.weight+blk.47.attn_q.weight+blk.47.attn_q.weight+blk.47.attn_q.weight+blk.47.attn_q.weight+blk.47.attn_q.weight+blk.47.attn_q.weight+blk.47.attn_q.weight+blk.47.attn_q.weight
2571	96	3276800	2560	640	main	blk.47.indexer.q_proj.weight+blk.47.indexer.q_proj.weight+blk.47.indexer.q_proj.weight+blk.47.indexer.q_proj.weight+blk.47.indexer.k_proj.weight
2575	96	10813440	6144	2560	split	blk.47.attn_output.weight
2579	97	3481600	10240	320	main	blk.47.hc_ffn_down.weight
2582	97	3481600	320	10240	main	blk.47.hc_ffn_up.weight
2584	97	163840	10240	4	main	blk.47.hc_ffn_inject.weight
2589	97	5242880	2560	512	main	blk.47.ffn_gate_inp.weight
2598	97	1126400	2560	640	main	blk.47.ffn_gate_shexp.weight
2599	97	1126400	2560	640	main	blk.47.ffn_up_shexp.weight
2602	97	1740800	640	2560	main	blk.47.ffn_down_shexp.weight
2609	98	3481600	10240	320	main	output_hc_down.weight
2612	98	3481600	320	10240	main	output_hc_up.weight
2615	98	357580800	2560	248320	split	output.weight
